family	name	role	order	flags	extra	pattern
flare_mirror	xazkruvrixis		1		damaging=0;aoe=0;spawns=0;key=Xazkruvrixis	Your xazkruvrixis .*? emits an ominous black-green glow
flare_mirror	wither_lorebenefit		2		damaging=0;aoe=0;spawns=0;key=Wither_LoreBenefit	A nebulous haze shimmers into view around .*?\, plunging inward in a dizzying spiral to envelop .*? completely
flare_mirror	warding_flare		3		damaging=0;aoe=0;spawns=0;key=Warding_Flare	You hear a deafening wail as a ghostly white vapor surrounds you, swirling around your
flare_mirror	wall_of_thorns		4		damaging=0;aoe=1;spawns=0;key=WThorns640_Poison	One of the vines surrounding you lashes out at
flare_mirror	wthorns640_block		5		damaging=0;aoe=0;spawns=0;key=WThorns640_Block	The thorny barrier surrounding you blocks the attack from
flare_mirror	volnarmor_dsflare		6		damaging=0;aoe=0;spawns=0;key=VolnArmor_DSFlare	Your .*? hums with spiritual force, filling you with a sense of divine vigilance and a preternatural awareness of
flare_mirror	vialflare		7		damaging=0;aoe=0;spawns=0;key=VialFlare	spits .*? vial out and onto the ground where it lands with a crystalline \*TINKLE\*.
flare_mirror	untrammel209_lorebenefit		8		damaging=0;aoe=0;spawns=0;key=Untrammel209_LoreBenefit	you shifts abruptly, taking on an opalescent sheen that resists the web
flare_mirror	twistedarmor_augmentation		9		damaging=0;aoe=0;spawns=0;key=TwistedArmor_Augmentation	The scintillating glow emanating from .*? on your .*? shimmers and intensifies as a pulse of energy surges around you, briefly coalescing into
flare_mirror	trollheart		10		damaging=0;aoe=0;spawns=0;key=TrollHeart	The .*? inside the necklace beats madly for a second as it pumps lifegiving blood back into your bloodstream, revitalizing you with its regenerative blood
flare_mirror	tblood1125_stunbreak		11		damaging=0;aoe=0;spawns=0;key=TBlood1125_StunBreak	Though you are stunned and reeling, you become aware of your pounding heart.  With each beat, it grows louder and louder, faster and faster, until, with a sudden surge of strength, you throw off your stunned state!
flare_mirror	tblood1125_lorebenefit		12		damaging=0;aoe=0;spawns=0;key=TBlood1125_LoreBenefit	The scar on your .*? glows faintly white before fading altogether
flare_mirror	tblood1125_healing		13		damaging=0;aoe=0;spawns=0;key=TBlood1125_Healing	The bruises around your|The cuts on your .*? close and the bruises fade
flare_mirror	totemanimalistic		14		damaging=0;aoe=0;spawns=0;key=TotemAnimalistic	flows from it and over your exposed skin, imbuing a sudden rush of power from
flare_mirror	totembestial		15		damaging=0;aoe=0;spawns=0;key=TotemBestial	the semitransparent figure moving to try to shield you from the attack
flare_mirror	totemshifting		16		damaging=0;aoe=0;spawns=0;key=TotemShifting	the motes encasing your arm in incandescence as a rush of power sinks into you to strengthen your attack
flare_mirror	totemferal		17		damaging=0;aoe=0;spawns=0;key=TotemFeral	your vision briefly obscured with a bloody haze as a rush of strength surges into your limbs
flare_mirror	tome_spellwarden		18		damaging=0;aoe=0;spawns=0;key=Tome_Spellwarden	As you stare at the words, you feel the weight of tactical knowledge build in you, allowing you to better protect yourself
flare_mirror	tward503_lorebenefit		19		damaging=0;aoe=0;spawns=0;key=TWard503_LoreBenefit	The glowing specks of .*? surrounding you intensify
flare_mirror	terror_flare		20		damaging=0;aoe=0;spawns=0;key=Terror_Flare	Your .*? releases a distorted black shadow|A wave of wicked power surges forth from your
flare_mirror	treversion540		21		damaging=0;aoe=0;spawns=0;key=TReversion540	Your surroundings melt away as the air around you shivers with a large flux of mana. Abruptly, time wrenches violently to give you a second chance. This time, you're better prepared
flare_mirror	tverdict1603_zealot		22		damaging=0;aoe=0;spawns=0;key=TVerdict1603_Zealot	Your surroundings take on a violet sheen as you burn with zealous fervor
flare_mirror	steelskin_flare		23		damaging=0;aoe=0;spawns=0;key=SteelSkin_Flare	You exhale in pain as your skin rapidly hardens into a shimmering barrier
flare_mirror	sprite_defensiveflares		24		damaging=0;aoe=0;spawns=0;key=Sprite_DefensiveFlares	The .*? sprite on your shoulder projects a .*? barrier in front of you
flare_mirror	spritely_maneuvering		25		damaging=0;aoe=0;spawns=0;key=Spritely_Maneuvering	The .*? sprite on your shoulder projects a .*? barrier, shielding you
flare_mirror	spritely_intervention		26		damaging=0;aoe=0;spawns=0;key=Spritely_Intervention	You feel yourself being pulled upright as an .*? barrier appears in front of you
flare_mirror	sstrike117_lorebenefit		27		damaging=0;aoe=0;spawns=0;key=SStrike117_LoreBenefit	The invisible force draws back to guide you once more
flare_mirror	spore_symbiosis		28		damaging=0;aoe=0;spawns=0;key=Spore_Symbiosis	Energy flows through you as .*? coax power from the symbiotic environs
flare_mirror	spore_environment		29		damaging=0;aoe=0;spawns=0;key=Spore_Environment	As though invigorated by the subterranean surroundings, the agglomeration of .*? bloats, then releases a flurry of .*? spores
flare_mirror	spore_dispersion		30		damaging=0;aoe=0;spawns=0;key=Spore_Dispersion	The dusty haze also entwines around .*? in a corkscrew of .*? spores|A dusty haze carries countless glowing spores to .*?
flare_mirror	swardingii107_lorebenefit		31		damaging=0;aoe=0;spawns=0;key=SWardingII107_LoreBenefit	Starburst patterns of pale blue light sweep forward from your chest and infuses the deep blue glow with its energy
flare_mirror	sward319		32		damaging=0;aoe=0;spawns=0;key=SWard319	The evanescent shield shrouding you flares to life
flare_mirror	somnis		33		damaging=0;aoe=1;spawns=0;key=Somnis	\*\* For a split second\, the striations of your
flare_mirror	sigil_cast		34		damaging=1;aoe=0;spawns=1;key=SigilStaff_DoubleCast	twining into an echo of your last spell
flare_mirror	sigil_bane		35		damaging=0;aoe=0;spawns=0;key=Sigil_of_Binding	A bolt of energy leaps from your .*? within bands of concentric geometry
flare_mirror	sidestep		36		damaging=0;aoe=0;spawns=0;key=Sidestep	With a reflexive sidestep, you elude the attack!
flare_mirror	shieldcape_block		37		damaging=0;aoe=0;spawns=0;key=ShieldCape_Block	forms a shield in front of you that turns solid enough to block .*? incoming blow
flare_mirror	rusalkan		38		damaging=0;aoe=1;spawns=0;key=Rusalkan	Exploding in a tumbling current of frothy foam, a wave of sea water suddenly materializes at the call of your
flare_mirror	rangertrinket_resistance		39		damaging=0;aoe=0;spawns=0;key=RangerTrinket_Resistance	pulses briefly, deflecting some
flare_mirror	rangertrinket_manaabsorb		40		damaging=0;aoe=0;spawns=0;key=RangerTrinket_ManaAbsorb	The .*? essence is drawn toward your
flare_mirror	rfire515_nocooldown		41		damaging=0;aoe=0;spawns=0;key=RFire515_NoCooldown	Moisture beads on the surface of your skin then evaporates away, taking with it your recent elemental fatigue
flare_mirror	rfire515_channel		42		damaging=0;aoe=0;spawns=0;key=RFire515_Channel	Seeing an opportunity, you accelerate time and empower your spell
flare_mirror	parasitic_bloodmatch		43		damaging=0;aoe=0;spawns=0;key=Parasitic_BloodMatch	A cascade of needle-like appendages puncture your flesh beneath your .*? as you are suddenly healed\!
flare_mirror	parasitic_bulwark		44		damaging=0;aoe=0;spawns=0;key=Parasitic_Bulwark	Your .*? glisten as a sudden rush of blood spills across its surface, creating a magical bulwark against
flare_mirror	parasitic_defense		45		damaging=0;aoe=0;spawns=0;key=Parasitic_Defense	Several .*? reinforce your .*? to defend you against the incoming attack
flare_mirror	shadow_shroud		46		damaging=0;aoe=0;spawns=0;key=NightshroudCloak_Hide	a cyclone of shadows emerge from your .*?.  The shadows swirl around in an attempt to conceal you
flare_mirror	arcane_reflex		47		damaging=0;aoe=1;spawns=0;key=NTouch625_ArcaneReflex	Vital energy infuses you, hastening your arcane reflexes
flare_mirror	physical_prowess		48		damaging=0;aoe=1;spawns=0;key=NTouch625_PhysicalProwess	The vitality of nature bestows you with a burst of strength
flare_mirror	mystic_resonance		49		damaging=0;aoe=0;spawns=0;key=Mystic_Resonance	thrums with mystic power, flooding you
flare_mirror	mirthbrand_joyfulheart		50		damaging=0;aoe=0;spawns=0;key=Mirthbrand_JoyfulHeart	Hints of an old\, joyful battle song at the edges of your hearing uplift your heart\, lending you preternatural prowess\.
flare_mirror	minorfire906_ignite		51		damaging=0;aoe=0;spawns=0;key=MinorFire906_Ignite	Some of the flames from the stream of fire linger around .*?
flare_mirror	mechanizedarm_block		52		damaging=0;aoe=0;spawns=0;key=MechanizedArm_Block	Just as .*? attacks, your arm suddenly swings out and intercepts it!
flare_mirror	manaarmor_manashield		53		damaging=0;aoe=0;spawns=0;key=ManaArmor_ManaShield	latticework springs up from the surface of your .*? and shields you from some of the damage
flare_mirror	manaarmor_manaflares		54		damaging=0;aoe=0;spawns=0;key=ManaArmor_ManaFlares	radiates from your .*? and you feel .*? mana surge into you\!| returning to you with an audible \*WHOOSH\*
flare_mirror	marmor520_water		55		damaging=0;aoe=0;spawns=0;key=MArmor520_Water	The raw elemental energy surrounding you takes on a watery look as it
flare_mirror	marmor520_earth		56		damaging=0;aoe=0;spawns=0;key=MArmor520_Earth	The energy surrounding you condenses into hard stone
flare_mirror	lucktalisman_offensive		57		damaging=0;aoe=0;spawns=0;key=LuckTalisman_Offensive	You hear the soft tinkle of rolling dice, followed by the sound of coins dropping
flare_mirror	lucktalisman_defensive		58		damaging=0;aoe=0;spawns=0;key=LuckTalisman_Defensive	You hear the soft tinkle of rolling dice, followed by a faint lucky feeling
flare_mirror	lowsteel_horrificvision		59		damaging=0;aoe=0;spawns=0;key=LowSteel_HorrificVision	you, but freezes momentarily before madly clawing
flare_mirror	lathonian		60		damaging=0;aoe=0;spawns=0;key=Lathonian	your .*? suddenly begins to glow with a polychromatic light
flare_mirror	kroderinechains		61		damaging=0;aoe=0;spawns=0;key=KroderineChains	Your kroderine chains rapidly consume the magical power of the attack
flare_mirror	kroderine		62		damaging=0;aoe=0;spawns=0;key=Kroderine	Your .*? cast. The magic of the spell is instantly devoured by the
flare_mirror	glovesoftonis		63		damaging=0;aoe=0;spawns=0;key=GlovesofTonis	A forceful squall suddenly shoots through your .*?, drawing your movements along their intended path
flare_mirror	ghezyte		64		damaging=0;aoe=1;spawns=0;key=Ghezyte	Cords of plasma-veined grey mist seep from your
flare_mirror	forestarmor_windgust		65		damaging=0;aoe=0;spawns=0;key=ForestArmor_WindGust	A spiraling funnel of air bursts from your
flare_mirror	forestarmor_leafswirl		66		damaging=0;aoe=0;spawns=0;key=ForestArmor_LeafSwirl	Diamond-shaped leaves sprout from your
flare_mirror	forestarmor_mudsling		67		damaging=0;aoe=0;spawns=0;key=ForestArmor_MudSling	A thick clump of mud catapults from your
flare_mirror	forestarmor_woodlandempathy		68		damaging=0;aoe=0;spawns=0;key=ForestArmor_WoodlandEmpathy	you suddenly have a clearer understanding of nature
flare_mirror	freward115		69		damaging=0;aoe=0;spawns=0;key=FReward115	The dull golden nimbus surrounding you flares into life as it glows brightly for a moment
flare_mirror	freproach312_wisdombonus		70		damaging=0;aoe=0;spawns=0;key=FReproach312_WisdomBonus	The .*? sphere begins to move in an ever-increasingly fast circle above your head until it shatters into a shower of brilliant energy
flare_mirror	fyrswnava_flares		71		damaging=0;aoe=0;spawns=0;key=Fyrswnava_Flares	Translucent celadon sap pools into a globular spherule\, hurling away from your
flare_mirror	ethereal_armor		72		damaging=0;aoe=0;spawns=0;key=Ethereal_Armor	ethereal chains encase your body against
flare_mirror	eonakarm_block		73		damaging=0;aoe=0;spawns=0;key=EonakArm_Block	your arm suddenly swings out and intercepts it
flare_mirror	elven_spellbarrier		74		damaging=0;aoe=0;spawns=0;key=Elven_SpellBarrier	Strands of translucent mana swirl about you, creating a protective barrier
flare_mirror	elven_spellalacrity		75		damaging=0;aoe=0;spawns=0;key=Elven_SpellAlacrity	Your .*? flares with a pale light
flare_mirror	elementaldefenderring		76		damaging=0;aoe=0;spawns=0;key=ElementalDefenderRing	The .*? on your .*? flares brightly as it absorbs the .*?
flare_mirror	etargeting425_lorebenefit		77		damaging=0;aoe=0;spawns=0;key=ETargeting425_LoreBenefit	elemental energy energizes you
flare_mirror	edeflection507_lorebenefit		78		damaging=0;aoe=0;spawns=0;key=EDeflection507_LoreBenefit	A shimmering field of energy flashes around you, reflecting
flare_mirror	edefenseiii414_lorebenefit		79		damaging=0;aoe=0;spawns=0;key=EDefenseIII414_LoreBenefit	A heavy barrier of stone momentarily forms around you
flare_mirror	ebias508_lorebenefit		80		damaging=0;aoe=0;spawns=0;key=EBias508_LoreBenefit	Your magical awareness grows more acute for an instant
flare_mirror	ebarrier430_lorebenefit		81		damaging=0;aoe=0;spawns=0;key=EBarrier430_LoreBenefit	Your skin hardens for a moment and softens
flare_mirror	filament_corona		82		damaging=0;aoe=0;spawns=0;key=Dramatic_Drapery_Wondorous	Branching filaments of power snap outward from your
flare_mirror	dramatic_drapery_masquerade		83		damaging=0;aoe=0;spawns=0;key=Dramatic_Drapery_Masquerade	distorts the air around you, confounding an
flare_mirror	dragonclaw1209_flare		84		damaging=0;aoe=0;spawns=0;key=Dragonclaw1209_Flare	As you strike, a deep golden light surrounds your
flare_mirror	deciduous_decayflare		85		damaging=0;aoe=0;spawns=0;key=Deciduous_DecayFlare	The motes rapidly sink into .*?, causing a sickly color to creep over .*?\.  A filament of light draws away from .*? and connects with you\, filling you with a brief glow\.
flare_mirror	death_flare		86		damaging=0;aoe=0;spawns=0;key=Death_Flare	Your .*? emits an ominous black-green glow
flare_mirror	cursedarmor_calm		87		damaging=0;aoe=0;spawns=0;key=CursedArmor_Calm	as your vision burns with hypnotic resolve
flare_mirror	cursedarmor_ds_td		88		damaging=0;aoe=0;spawns=0;key=CursedArmor_DS_TD	Dark tendrils lash out from your .*? and form a crimson-runed shroud of darkness around you
flare_mirror	cursedarmor_as_cs		89		damaging=0;aoe=0;spawns=0;key=CursedArmor_AS_CS	Dark tendrils lash out from your .*? and invigorate your resolve
flare_mirror	bubble		90		damaging=0;aoe=0;spawns=0;key=Bubble	high-pitched sound and causes your skin and muscles to
flare_mirror	tailwind		91		damaging=0;aoe=1;spawns=0;key=Breeze612_Tailwind	A favorable tailwind springs up behind you
flare_mirror	breeze		92		damaging=0;aoe=1;spawns=0;key=Breeze612_Offensive	is buffeted by a burst of wind and pushed back|is buffeted by a sudden gust of wind
flare_mirror	brace1214_parry		93		damaging=0;aoe=0;spawns=0;key=Brace1214_Parry	Using the bone plates surrounding your forearms, you parry the attack
flare_mirror	brace1214_disarm		94		damaging=0;aoe=0;spawns=0;key=Brace1214_Disarm	strikes one of the bony protrusions on your forearms and it is wrenched out of
flare_mirror	bootsoftonis		95		damaging=0;aoe=0;spawns=0;key=BootsofTonis	you, a swirling whirlwind bursts into life around your form. Time seems to slow to a crawl as the turbulent winds guide your movements, allowing you to avoid the assault
flare_mirror	bshatter1106_lorebenefit		96		damaging=0;aoe=0;spawns=0;key=BShatter1106_LoreBenefit	The internal skeletal structure of .*? implodes inward upon itself
flare_mirror	blink1215		97		damaging=0;aoe=0;spawns=0;key=Blink1215	You find yourself moved several feet from your original position
flare_mirror	blink		98		damaging=1;aoe=0;spawns=1;key=Blink	Your .*? suddenly light(s)? up with hundreds of tiny blue sparks
flare_mirror	benediction307_lorebenefit		99		damaging=0;aoe=0;spawns=0;key=Benediction307_LoreBenefit	Pearly light flares up suddenly from within you, lending strength and focus to your attack
flare_mirror	barkskin605		100		damaging=0;aoe=0;spawns=0;key=Barkskin605	The layer of bark on you hardens and absorbs
flare_mirror	banshee		101		damaging=0;aoe=1;spawns=0;key=Banshee	emits a deafening wail as a bright red glow erupts from its surface, surrounding you
flare_mirror	balancefrenzy_flare		102		damaging=0;aoe=0;spawns=0;key=BalanceFrenzy_Flare	The .*? flashes a shade of scarlet|The .*? flashes a shade of viridian
flare_mirror	balancefrenzy_doubleflare		103		damaging=0;aoe=0;spawns=0;key=BalanceFrenzy_DoubleFlare	The .*? is suddenly engulfed in scarlet light|The .*? is suddenly engulfed in viridian light
flare_mirror	aspear1408_dispel		104		damaging=0;aoe=0;spawns=0;key=ASpear1408_Dispel	With an opaline flare, the nacreous spear passes through .*? , disrupting the veil of wards surrounding
flare_mirror	animalistic_instinctflares		105		damaging=0;aoe=0;spawns=0;key=Animalistic_InstinctFlares	up from the point of impact, spreading over the chest of your
flare_mirror	aganjira		106		damaging=0;aoe=0;spawns=0;key=Aganjira	Mana cascades across your .*?, causing the fabric to shiver against your skin as it draws the scattered power into it and transforms it into mana
flare_mirror	adamantine		107		damaging=0;aoe=0;spawns=0;key=Adamantine	the incredibly hard surface of your adamantine
flare_mirror	arboreal_agonyflare		108		damaging=0;aoe=0;spawns=0;key=Arboreal_AgonyFlare	Ethereal .*? multiply in a profusion of flora over .*?\, spreading motes of sizzling verdant\-hued light\!
flare_mirror	acuity		109		damaging=0;aoe=1;spawns=0;key=Acuity_Flare	Your .*? glows intensely with a verdant light\!|form before shifting its focus toward you, setting your .*? aflame for a brief momen
flare_mirror	advancedspellshielding_gs		110		damaging=0;aoe=0;spawns=0;key=AdvancedSpellShielding_GS	The anti\-magic is blocked by an unseen bulwark\, rapidly unraveling into nothingness\.
flare_mirror	bindingshot_gs		111		damaging=0;aoe=0;spawns=0;key=BindingShot_GS	Released from the projectile\, a slim canister splits in flight and unfurls a net to envelop
flare_mirror	chameleon_shroud		112		damaging=0;aoe=1;spawns=0;key=ChameleonShroud_GS	A tenebrous shroud stitches itself into existence around you as you gracefully retreat into the shadows
flare_mirror	defensiveduelist_gs		113		damaging=0;aoe=0;spawns=0;key=DefensiveDuelist_GS	you take the opportunity to jab .*? hard in the wrist
flare_mirror	dispulsionward_gs		114		damaging=0;aoe=0;spawns=0;key=DispulsionWard_GS	The anti\-magic is blocked by an unseen ward\, slowly unraveling into nothingness
flare_mirror	elementalresonance_gs		115		damaging=0;aoe=0;spawns=0;key=ElementalResonance_GS	Elemental currents gather around your fingers\, resonating with your spell\!
flare_mirror	grandtheftkobold_gs		116		damaging=0;aoe=0;spawns=0;key=GrandTheftKobold_GS	You feel like you could try that again
flare_mirror	hw_wardenofthedamned_gs		117		damaging=0;aoe=0;spawns=0;key=HW_WardenoftheDamned_GS	\*\* Glinting golden and silver threads escape from the air around you and streak toward
flare_mirror	hunters_afterimage		118		damaging=0;aoe=0;spawns=0;key=HuntersAfterimage_GS	A radiant afterimage of the arrow appears in your ready hand\, coalescing to replace its predecessor
flare_mirror	mephiticbrume_gs		119		damaging=0;aoe=0;spawns=0;key=MephiticBrume_GS	A noxious brume\, murky and foul-smelling\, erupts from your body
flare_mirror	metamorphicshield_gs		120		damaging=0;aoe=0;spawns=0;key=MetamorphicShield_GS	A distorted ripple of metamorphic energy races across your
flare_mirror	mirror_image		121		damaging=1;aoe=0;spawns=0;key=MirrorImage_GS	Fleeting and insubstantial\, a mirror image of you shimmers into view at your side\, echoing your attack with one of its own
flare_mirror	oneshotonekill_gs		122		damaging=0;aoe=0;spawns=0;key=OneShotOneKill_GS	With singular precision\, you hone in on a critical flaw in
flare_mirror	serendipitoushex_gs		123		damaging=0;aoe=0;spawns=0;key=SerendipitousHex_GS	\*\* A deep emerald green mist coils around your forearms as your spell reforms into a hex
flare_mirror	stolenpower_gs		124		damaging=0;aoe=0;spawns=0;key=StolenPower_GS	\*\* An inky black mist coils around your forearms as your spell reforms into a forgery of
flare_mirror	tacticalcanny_gs		125		damaging=0;aoe=0;spawns=0;key=TacticalCanny_GS	The pain sharpens your senses and you begin to plan around your foe\'s attacks\.
flare_mirror	terrorstribute_gs		126		damaging=0;aoe=0;spawns=0;key=TerrorsTribute_GS	Countless phantasms peel away from you and lurch disjointedly outward in all directions\, their features contorted and their mouths agape
flare_mirror	tetheredstrike_gs		127		damaging=0;aoe=0;spawns=0;key=TetheredStrike_GS	is held fast by some unseen force\!
flare_mirror	acid		128		damaging=1;aoe=1;spawns=0;key=Acid_Flare	\*\* Your .*? release(s)? a spray of acid|Luminescent green droplets dribble from your .*? and puddle mid-air, creating a large globule of sizzling liquid that bursts over|Without warning, an ominous cloud forms overhead and churns violently, raining blistering droplets of acid down upon .*? until the fog is sucked into your|Dripping ectoplasma, off-white ghosts rise out of your .*? and sail through the air, passing in and out of .*? before dissipating with a low moan
flare_mirror	air		129		damaging=1;aoe=1;spawns=0;key=Air_Flare	\*\* Your .*? unleashes a blast of air|Your ears pop as the air pressure suddenly drops, and a fierce tornado coalesces around .*?, spinning .*? violently in the air for a brief moment before the winds die down
flare_mirror	air_flourish		130		damaging=1;aoe=1;spawns=0;key=Air_LoreFlare	A fierce whirlwind erupt(s)? around .*? encircling .*? in a suffocating cyclone
flare_mirror	air_loreflaredot		131		damaging=1;aoe=0;spawns=0;key=Air_LoreFlareDoT	The cyclone whirls around .*? anew
flare_mirror	air_gef		132		damaging=1;aoe=0;spawns=0;key=Air_GEF	\*\* A howling gale of steaming air rushes from .*?
flare_mirror	balefire_demonattack		133		damaging=1;aoe=0;spawns=0;key=Balefire_DemonAttack	shudders slightly as chaotic energy is drawn from its form and fused with the attack
flare_mirror	ballspell_splash		134		damaging=1;aoe=0;spawns=0;key=BallSpell_Splash	A burst of .*? from your .*? flies off and hits
flare_mirror	blessings_flourish		135		damaging=1;aoe=1;spawns=0;key=Blessing_LoreFlare	A reassuring feeling of mental acuity settles over you|Your mind clears as a wave of energy washes over you|Your resolve feels bolstered as the energy courses through you|The pulse leaves you feeling spiritually emboldened|A stirring force ignites within you|A resonant force ripples through you|A surge of spiritual power rushes through your veins|The charge resonates with your spirit| The current resonates with your spirit|An electrified aura coalesces around you|A spiritual resonance warms your core
flare_mirror	briar		136		damaging=1;aoe=1;spawns=0;key=Briar	Vines of vicious briars whip out from your
flare_mirror	chainspear		137		damaging=1;aoe=0;spawns=0;key=ChainSpear	The .*? head of your .*? catches across .*?
flare_mirror	chronomagedagger		138		damaging=1;aoe=0;spawns=0;key=ChronomageDagger	Taking a chance you hurl .*? at .*? again and suddenly everything returns to normal speed as time catches up with itself
flare_mirror	cloakofshadows_retribution		139		damaging=1;aoe=0;spawns=0;key=CloakofShadows_Retribution	A dark shadowy tendril rises up from your skin
flare_mirror	cold		140		damaging=1;aoe=1;spawns=0;key=Cold_Flare	\*\* Your .*? glow(s)? intensely with a cold blue light|A thin stream of icy cold liquid shoots forth from your|Trailing snowflakes in their wake, bright purple and azure ghosts rise out of your .*? and sail through the air, passing in and out of .*? before dissipating with a low moan
flare_mirror	cold_gef		141		damaging=1;aoe=1;spawns=0;key=Cold_GEF	\*\* A vortex of razor-sharp ice gusts from .*? and coalesce(s)? around a .*?\! \*\*
flare_mirror	coraesine_pure		142		damaging=1;aoe=0;spawns=0;key=Coraesine_Pure	A massive vortex of shrapnel-laden air coalesces around|You feel the .*? respond to your will, and suddenly it flares up with a blazing white-grey aura\! Vicious winds curl around you in a spiraling vortex, increasing your momentum as you let loose a lightning-quick strike
flare_mirror	coraesinerelic		143		damaging=1;aoe=0;spawns=0;key=CoraesineRelic	\*\* The coraesine relic on your
flare_mirror	daybringer_script		144		damaging=1;aoe=0;spawns=0;key=Daybringer_Script	\*\* A torrent of .*?\-colored plasma bursts forth from your .*? at
flare_mirror	nightbringer_script		145		damaging=1;aoe=0;spawns=0;key=Nightbringer_Script	\*\* coil of *?\-colored energy lashes out from your .*? at
flare_mirror	daynightbringer_anomalyflare		146		damaging=1;aoe=0;spawns=0;key=DayNightbringer_AnomalyFlare	\*\* A .*?\-colored beam of light erupts from the .*? light at
flare_mirror	demonology_loreflare		147		damaging=1;aoe=0;spawns=0;key=Demonology_LoreFlare	Shadowy claws of pure essence burst from .*?\, tearing at the air surrounding
flare_mirror	demonology_loreflaredot		148		damaging=1;aoe=0;spawns=0;key=Demonology_LoreFlareDoT	Shadowy tendrils coil around .*?\, swiftly siphoning away ambient energy
flare_mirror	disintegration		149		damaging=1;aoe=1;spawns=0;key=Disintegration_Flare	\*\* Your .*? release(s)? a shimmering beam of disintegration|Momentarily illuminated by a nefarious veil of light that emanates from your
flare_mirror	dispel		150		damaging=1;aoe=0;spawns=0;key=Dispel_Disruption	\*\* Your .*? glow(s)? brightly for a moment, consuming the magical energies around .*?\!|Afterimages of your .*? manifest around
flare_mirror	dispel_flux		151		damaging=1;aoe=0;spawns=0;key=Dispel_FluxCrit	fluxes chaotically
flare_mirror	disruption		152		damaging=1;aoe=1;spawns=0;key=Disruption_Flare	\*\* Your .*? release(s)? a quivering wave of disruption|An unnatural shift in atmospheric pressure causes intense and harsh bursts of air that yield a violent, resonant attack on
flare_mirror	earth_flourish		153		damaging=1;aoe=1;spawns=0;key=Earth_LoreFlare	Chunks of earth violently orbit .*? pelting .*? with heavy debris
flare_mirror	earth_loreflaredot		154		damaging=1;aoe=0;spawns=0;key=Earth_LoreFlareDoT	The ground trembles violently, pelting .*? again
flare_mirror	earth_gef		155		damaging=1;aoe=1;spawns=0;key=Earth_GEF	\*\* A violent explosion of frenetic energy rumbles from .*?
flare_mirror	energy		156		damaging=1;aoe=1;spawns=0;key=Energy_Weapon	A beam of .*? energy emits from the tip of your .*? and collides with .*?
flare_mirror	fire		157		damaging=1;aoe=1;spawns=0;key=Fire_Flare	\*\* Your .*? flare(s)? with a burst of flame|Emerging from your .*?, a massive ball of flames coalesces and launches straight toward|Flames form like deep scarlet-orange ribbons around your|Searing heat ripples the air as bright orange and green ghosts rise out of your .*? and sail through the air, passing in and out of .*? before dissipating with a low moan
flare_mirror	fire_flourish		158		damaging=1;aoe=1;spawns=0;key=Fire_LoreFlare	A blazing inferno erupts around .*? scorching everything in its wake
flare_mirror	fire_loreflaredot		159		damaging=1;aoe=0;spawns=0;key=Fire_LoreFlareDoT	The inferno blazing around .*? ignites anew
flare_mirror	fire_gef		160		damaging=1;aoe=1;spawns=0;key=Fire_GEF	\*\* Burning orbs of pure flame burst from .*?
flare_mirror	firewheel		161		damaging=1;aoe=1;spawns=0;key=Firewheel	Your .*? emits a fist-sized ball of lightning-suffused flames
flare_mirror	globuselanthias		162		damaging=1;aoe=0;spawns=0;key=GlobusElanthias	Rising from the .*? that is wedged into your .*?
flare_mirror	globusnaidem		163		damaging=1;aoe=0;spawns=0;key=GlobusNaidem	Lashing out from your .*?, .*? extends one hand and rakes a claw across .*? flesh|Boils on .*? skin grow overly full and eventually burst, causing pus to leak from the new wound
flare_mirror	grapple		164		damaging=1;aoe=1;spawns=0;key=Grapple_Flare	Your .*? release(s)? a twisted tendril of force|Catapulting from your .*?, a thick, braided rope twists and twines around|Twisting and cavorting in the air, distorted purple-tinged ghosts rise out of your .*? and sail through the air, passing in and out of .*? before dissipating with a low moan
flare_mirror	greaterblackora		165		damaging=1;aoe=0;spawns=0;key=GreaterBlackOra	A low moaning emanates from your .*? as the shadows swirl off and surround .*?, assaulting it with flashes of greenish-black essence|As you attack .*?, the shadows surrounding your .*? swirl off and strike|As you land your blow, the shadows surrounding .*? begin to swirl like a miniature vortex. The greenish-black essence batters .*?|As you strike .*?, the shadows surrounding .*? swirl off and strike|As your .*? connects with .*?, a low hiss is heard and the shadows strike with greenish-black essence fangs|Dancing bursts of greenish-black essence pulse from your .*? as the shadows lengthen and extend to assault .*?|The shadows surrounding your .*? lash out with a crack of greenish-black essence
flare_mirror	greaterrhimar		166		damaging=1;aoe=0;spawns=0;key=GreaterRhimar	A suffusion of frost flashes down the length of .*? as a tongue of snow and ice lashes at .*?|From somewhere nearby, a snowball comes whizzing towards .*?, splattering as it connects
flare_mirror	guiding_light		167		damaging=1;aoe=1;spawns=0;key=GuidingLight_2ndFlare	Your .*? spray(s)? with a burst of plasma energy
flare_mirror	holy_fire		168		damaging=1;aoe=0;spawns=0;key=HolyFire	Your .*? bursts alight with leaping tongues of holy fire
flare_mirror	holy_water		169		damaging=1;aoe=0;spawns=0;key=HolyWater	Your .*? spray(s)? forth a shower of pure water
flare_mirror	cold_gef		170		damaging=1;aoe=1;spawns=0;key=Ice_GEF	\*\* A vortex of razor-sharp ice gust(s)? from .*?
flare_mirror	impact		171		damaging=1;aoe=1;spawns=0;key=Impact_Flare	\*\* Your .*? release(s)? a blast of vibrating energy|A thunderous boom emanates from your .*? as earthen rubble and debris surges upward|Releasing sonic-like detonations with their screams, dull grey and black ghosts rise out of your .*? and sail through the air, passing in and out of .*? before dissipating with a low moan
flare_mirror	knockout		172		damaging=1;aoe=0;spawns=0;key=Knockout	Your .*? bounce off the head of .*?, causing .*? to reassess the situation for a moment while standing still|A solid strike from your .*? to the temple causes .*? to stumble|You land a vicious blow to the head of .*?|your .*? bounce off the head of .*? causing it to|bringing your .*? down across the head of .*? with a sickening thud|You feint left, then right, then crack .*? across the head|crack(s)? the .*? on the back of the head|Your .*? thump .*? in the head.  .*? stumbles around for a moment desperate to keep .*? balance but in the end .*? fails miserably, and collapses to the floor in a heap, looking dazed|then reverse direction and crack|Your .*? plow right into the forehead of
flare_mirror	lightning_gef		173		damaging=1;aoe=1;spawns=0;key=Lightning_GEF	\*\* A vicious torrent of crackling lightning surges from .*?
flare_mirror	lightning		174		damaging=1;aoe=1;spawns=0;key=Lightning_Flare	Your .*? emit(s)? a searing bolt of lightning|Gathering around your .*?, a pulsating light grows in intensity until a shocking eruption of energized power scorches|Filling the air with static electricity, bright white and orange ghosts rise out of your .*? and sail through the air, passing in and out of .*? before dissipating with a low moan
flare_mirror	psychic_assault		175		damaging=1;aoe=1;spawns=0;key=LowSteel	Your lowsteel .*? unleashes a blast of psychic energy
flare_mirror	lowsteel_dot		176		damaging=1;aoe=0;spawns=0;key=LowSteel_DoT	convulses in horrified agony
flare_mirror	manipulation_loreflare		177		damaging=1;aoe=0;spawns=0;key=Manipulation_LoreFlare	Loose debris tears itself upward around .*?\, spinning wildly before rocketing towards
flare_mirror	manipulation_loreflaredot		178		damaging=1;aoe=0;spawns=0;key=Manipulation_LoreFlareDoT	Debris continues to batter .*? from every angle\, slamming into .*? with relentless force
flare_mirror	magma		179		damaging=1;aoe=1;spawns=0;key=Magma_Flare	\*\* Your .*? expel(s)? a glob of molten magma|Your .*? a blood red hue, and tall mounds of crimson and carmine liquid bubble up from beneath|Your .*? vibrates violently and a swarm of phantoms appears and unleashes a horrific assault on .*?, threads of black energy rippling through the air back to you
flare_mirror	mana_flare		180		damaging=1;aoe=0;spawns=0;key=Mana_Flare	Your .*? pulses with a white-blue light\!
flare_mirror	spring_rod		181		damaging=1;aoe=0;spawns=0;key=Mechanical_Flare	Your .*? releases a small spring-loaded
flare_mirror	mechanicalquiver		182		damaging=1;aoe=0;spawns=0;key=MechanicalQuiver	The tip of the spiraled arrow suddenly shatters and bursts .*?
flare_mirror	psychic_assault		183		damaging=1;aoe=1;spawns=0;key=MindWrack_Flare	Your .*? unleashes a blast of psychic energy
flare_mirror	minoracid904_melt		184		damaging=1;aoe=0;spawns=0;key=MinorAcid904_Melt	Acid continues to eat away at .*?
flare_mirror	minorfire906_burn		185		damaging=1;aoe=0;spawns=0;key=MinorFire906_Burn	The flames around .*? continue to burn
flare_mirror	minorshock901_stunshock		186		damaging=1;aoe=0;spawns=0;key=MinorShock901_StunShock	Tiny arcs of lightning briefly dance across .*? skin
flare_mirror	minorwater903_soak		187		damaging=1;aoe=0;spawns=0;key=MinorWater903_Soak	The water completely drenches .*?
flare_mirror	mirthbrand_bravecompanions		188		damaging=1;aoe=0;spawns=0;key=Mirthbrand_BraveCompanions	One of the spectral combatants rushes at
flare_mirror	glittering_motes		189		damaging=1;aoe=0;spawns=0;key=Mirthbrand_GlitterFlare	A winking spray of glittering motes erupts from your .*?\, showering .*? in sparkling flecks of clinging radiance
flare_mirror	nebularweapon		190		damaging=1;aoe=0;spawns=0;key=NebularWeapon	Cold as the great void, the silvery power of starlight channels through your
flare_mirror	necromancy_flourish		191		damaging=1;aoe=1;spawns=0;key=Necromancy_LoreFlare	\*\* A sickly green aura radiates from
flare_mirror	necromancy_loreflaredot		192		damaging=1;aoe=0;spawns=0;key=Necromancy_LoreFlareDoT	Small pieces of flesh rot off a
flare_mirror	nerve		193		damaging=1;aoe=0;spawns=0;key=Nerve	Several thin, fibrous .*? filaments erupt from your
flare_mirror	pestilence716_reactive		194		damaging=1;aoe=0;spawns=0;key=Pestilence716_Reactive	You exhale a virulent green mist toward
flare_mirror	pestilence716_dot		195		damaging=1;aoe=0;spawns=0;key=Pestilence716_DoT	Pus-filled sores erupt|Boils rupture all over|skin hardens into a black rot and begins to crumble|wails as painful boils form and erupt|begins hemorrhaging from multiple orifices
flare_mirror	plasma		196		damaging=1;aoe=1;spawns=0;key=Plasma_Flare	\*\* Your .*? pulse(s)? with a burst of plasma energy|Splashing magma everywhere, charred red ghosts rise out of your .*? and sail through the air, passing in and out of .*? before dissipating with a low moan
flare_mirror	phytomorphic_putrescenceflare		197		damaging=1;aoe=0;spawns=0;key=Phytomorphic_PutrescenceFlare	\*\* Silvery vapor\-wreathed .*? lash out at .*? with a clinging mass of poisonous foliage\! \*\*
flare_mirror	parasitic_bloodflares		198		damaging=1;aoe=0;spawns=0;key=Parasitic_BloodFlares	You wince as .*? draws upon your blood as it strikes
flare_mirror	unyielding_force		199		damaging=1;aoe=0;spawns=0;key=Pure_Adamantine	Your .*? meets .*? with unyielding force\!
flare_mirror	pure_drakar		200		damaging=1;aoe=0;spawns=0;key=Pure_Drakar	\*\* A scorching blast of golden fire blazes forth from your .*?\, bathing .*? in flame\!
flare_mirror	pure_drakar_2ndflare		201		damaging=1;aoe=0;spawns=0;key=Pure_Drakar_2ndFlare	\*\* Sparks swirl about .*?\, spiraling inward to ignite the air in a roaring firestorm\!
flare_mirror	pure_eonake		202		damaging=1;aoe=0;spawns=0;key=Pure_Eonake	Your .*? bursts with radiant silver light\, causing the .*? to recoil in agony
flare_mirror	pure_faewood		203		damaging=1;aoe=0;spawns=0;key=Pure_Faewood	\*\* Crackling like autumn leaves\, a conflagration of red\-gold flame leaps from your .*? to engulf the .*?\!
flare_mirror	pure_gornar		204		damaging=1;aoe=0;spawns=0;key=Pure_Gornar	\*\* Your .*? thrums\, pulsing a pounding rhythm and battering .*? with caliginous waves of pressure\!
flare_mirror	pure_gornar_2ndflare		205		damaging=1;aoe=0;spawns=0;key=Pure_Gornar_2ndFlare	\*\* Reverberating\, the thrum intensifies to an ominous rumble as .*? is rocked by repercussive force\!
flare_mirror	pure_rhimar		206		damaging=1;aoe=0;spawns=0;key=Pure_Rhimar	\*\* An arctic blast from your .*? in freezing fog\!
flare_mirror	pure_rhimar_2ndflare		207		damaging=1;aoe=0;spawns=0;key=Pure_Rhimar_2ndFlare	\*\* With a crystalline peal\, the frigid fog enveloping the .*? flash\-freezes into spiky rime ice\!
flare_mirror	pure_zorchar		208		damaging=1;aoe=0;spawns=0;key=Pure_Zorchar	\*\* Frayed forks of blue\-white lightning leap from your .*? to ground themselves through the .*?\!
flare_mirror	pure_zorchar_2ndflare		209		damaging=1;aoe=0;spawns=0;key=Pure_Zorchar_2ndFlare	\*\* With an echoing thunderclap\, an eye\-searing arc of electricity leaps upward\, jolting through .*? again in its ascent\!
flare_mirror	purified_sephwir		210		damaging=1;aoe=0;spawns=0;key=Purified_Sephwir	\*\* With a crepitant snap\, the .*? splinters on impact\!
flare_mirror	religion_flourish		211		damaging=1;aoe=1;spawns=0;key=Religion_LoreFlare	Divine flames kindle around .*? leaping forth to engulf
flare_mirror	religion_loreflaredot		212		damaging=1;aoe=0;spawns=0;key=Religion_LoreFlareDoT	The sacred inferno surrounding .*? ignites anew
flare_mirror	sanguinesacrifice		213		damaging=1;aoe=0;spawns=0;key=SanguineSacrifice	suffers an additional .*? damage!
flare_mirror	bloodstone		214		damaging=1;aoe=0;spawns=0;key=SanguineSacrifice_Overflow	Sanguine brilliance strikes .*? a rupturing blow!
flare_mirror	shieldcape_broochflare		215		damaging=1;aoe=0;spawns=0;key=ShieldCape_BroochFlare	attached to the left shoulder of your .*? suddenly explodes with a brilliant flash
flare_mirror	shadowdeathweapon		216		damaging=1;aoe=0;spawns=0;key=ShadowDeathWeapon	Ravenous tendrils of shadow burst forth from .*?, draining the very life from .*?
flare_mirror	greater_sd_darkrasp		217		damaging=1;aoe=0;spawns=0;key=Greater_SD_Darkrasp	\*\* Ravenous tendrils of tangible shadow rip free from .*?\, rasping hungrily at .*?\!
flare_mirror	sigil_dispel		218		damaging=1;aoe=0;spawns=0;key=SigilStaff_Dispel	Tendrils of .*? energy lash out from your .*? toward .*? and cage
flare_mirror	smite302_infusion		219		damaging=1;aoe=0;spawns=0;key=Smite302_Infusion	With a sudden burst of divine insight, you're able to amplify the power of your
flare_mirror	smite302_instantdeath		220		damaging=1;aoe=0;spawns=0;key=Smite302_InstantDeath	A minuscule blue-white star slowly ascends from the floor directly under the|A triad of ebony orbs conjoined by crackling ribbons of violet energy suddenly appear out of nowhere
flare_mirror	solarweapon		221		damaging=1;aoe=0;spawns=0;key=SolarWeapon	Searing hot, the golden power of the sun is channeled through your
flare_mirror	sonic_weapon		222		damaging=1;aoe=0;spawns=0;key=SonicWeapon_1stFlare	Your .*? unleashes a blast of sonic energy at
flare_mirror	sonic_weapon		223		damaging=1;aoe=0;spawns=0;key=SonicWeapon_2ndFlare	With a loud snap, a blast of energy bursts from your .*?
flare_mirror	shield_spike		224		damaging=1;aoe=0;spawns=0;key=Spikes	\*\* A spike on your .*? jabs into .*?\! \*\*
flare_mirror	spiritgauntlet		225		damaging=1;aoe=0;spawns=0;key=SpiritGauntlet	Your bolt of energy suddenly bursts, scattering into particles|The diffuse golden particles swirl and collapse in on themselves, centered on
flare_mirror	spore_flare		226		damaging=1;aoe=0;spawns=0;key=Spore_Flare	Nebulous .*? tendrils curl from your .*?, enswathing .*? in a shroud spangled with .*? spores
flare_mirror	spore_burst		227		damaging=1;aoe=0;spawns=0;key=Spore_Burst	The .*? spores churning around simultaneously burst into an explosion of coruscating
flare_mirror	sslayer_240		228		damaging=1;aoe=0;spawns=0;key=SSlayer_240	Abruptly, you sense the attention of your spirit slayer focus upon an .*?
flare_mirror	steam		229		damaging=1;aoe=1;spawns=0;key=Steam_Flare	\*\* Your .*? erupt(s)? with a plume of steam|Causing the air to sizzle and shimmer, hissing translucent ghosts rise out of your .*? and sail through the air, passing in and out of .*? before dissipating with a low moan
flare_mirror	steam_gef		230		damaging=1;aoe=0;spawns=0;key=Steam_GEF	\*\* A howling gale of steaming air rushes from
flare_mirror	summoning_flourish		231		damaging=1;aoe=1;spawns=0;key=Summoning_LoreFlare	A radiant mist surrounds .*? unfurling into a whip of plasma
flare_mirror	summoning_loreflaredot		232		damaging=1;aoe=0;spawns=0;key=Summoning_LoreFlareDoT	The whip of plasma continues to wreathe
flare_mirror	telepathy_flourish		233		damaging=1;aoe=1;spawns=0;key=Telepathy_LoreFlare	Rippling and half-seen, strands of psychic power unravel from the
flare_mirror	telepathy_loreflaredot		234		damaging=1;aoe=0;spawns=0;key=Telepathy_LoreFlareDoT	Locked in mental durance, .*? is assailed by some unseen attack\!
flare_mirror	tome_spellglider		235		damaging=1;aoe=0;spawns=0;key=Tome_Spellglider	your .*? unleashes a dazzling arcane projectile
flare_mirror	tome_spellweaver		236		damaging=1;aoe=0;spawns=0;key=Tome_Spellweaver	Arcane energy streaks toward .*? and collides in a volatile clash of mana and matter
flare_mirror	tome_spellvault		237		damaging=1;aoe=0;spawns=0;key=Tome_Spellvault	is buffeted by the corruscating arcane energy
flare_mirror	transformation_loreflare		238		damaging=1;aoe=0;spawns=0;key=Transformation_LoreFlare	Dozens of needle-like tendrils explode from your forearms, striking toward .*? with murderous intent|The sound of snapping bone fills the air as jagged spikes tear free from your wrists, driving deep into|Sharp tendril-like appendages erupt from your shoulders, lashing forward to skewer|Bone explodes around your fists, solidifying to form colossal gauntlets that hammer down on|A visceral snap accompanies the eruption of jagged spikes from your wrists as you drive your palm into|The sound of ripping flesh is drowned out by your roar as wicked blades erupt from your knuckles, raking through|A searing heat floods your hands as razor-sharp claws explode from your knuckles, cleaving through
flare_mirror	twinweapon_detonation		239		damaging=1;aoe=0;spawns=0;key=TwinWeapon_Detonation	Tendrils .*? energy lash out from your
flare_mirror	twisted_flare		240		damaging=1;aoe=0;spawns=0;key=Twisted_Flare	\*\* A scintillating .*? glow shimmers and oscillates across your
flare_mirror	unbalance		241		damaging=1;aoe=1;spawns=0;key=Unbalance_Flare	\*\* Your .*? unleashes an invisible burst of force|With a loud \*\*BOOM\*\* from your|Cackling and cajoling herald a wavering energy wrought in the ethereal shape of ghosts that rise out of your .*? and sail through the air, passing in and out of .*? before dissipating with a low moan
flare_mirror	vacuum		242		damaging=1;aoe=1;spawns=0;key=Vacuum_Flare	your .*? seems to fold(s)? inward and draws its surroundings closer|your .*? seems to fold inward upon itself drawing everything it touches along with it|Thin strands of black matter surge forth from your .*? toward|Drawing the air from the area, ebon and orange ghosts rise out of your .*? and sail through the air, passing in and out of .*? before dissipating with a low moan
flare_mirror	valence_lashofloraetyr		243		damaging=1;aoe=0;spawns=0;key=Valence_LashofLoraetyr	Several archaic sigils flash briefly along your .*? and you begin to grow translucent, shifting in and out of view as gnarled ethereal vines erupt from your body and lash out at .*?, each one solidifying before they strike
flare_mirror	valence		244		damaging=1;aoe=1;spawns=0;key=Valence_SliceofShientyr	A coil of spectral .*? energy burst(s)? out of thin air|A coil of ghostly .*? energy burst(s)? out of thin air|A coil of eerie .*? energy burst(s)? out of thin air|A coil of celestial .*? energy burst(s)? out of thin air
flare_mirror	vethinye		245		damaging=1;aoe=0;spawns=0;key=Vethinye	it entwines you in night blue wisps of ephemera
flare_mirror	vibrationchant_shatter		246		damaging=1;aoe=0;spawns=0;key=VibrationChant_Shatter	You focus your voice on .*? with perfect resonance, causing it to shatter into thousands of tiny pieces
flare_mirror	void_gef		247		damaging=1;aoe=0;spawns=0;key=Void_GEF	\*\* A nebulous dome of .*? discharge(s)? from .*?
flare_mirror	water		248		damaging=1;aoe=1;spawns=0;key=Water_Flare	Your .*? shoot(s)? a blast of water|Funneling upward, a spout of water streams from your .*? and begins to spin rapidly as it moves forward, ravaging
flare_mirror	alchemical_fire		249		damaging=1;aoe=0;spawns=0;key=WildfireOil	A swirl of alchemical fire, scintillating blue and orange in hue, erupts from your
flare_mirror	webbingcaughtfire		250		damaging=1;aoe=0;spawns=0;key=WebbingCaughtFire	The webbing around .*? catches fire
flare_mirror	wentropy603_dot		251		damaging=1;aoe=0;spawns=0;key=WEntropy603_Dot	Patches of discolored rot spread further, eating away at
flare_mirror	faura1706		252		damaging=1;aoe=0;spawns=0;key=FAura1706	The flaming aura surrounding you lashes out at .*?\!
flare_mirror	fervor1618		253		damaging=1;aoe=0;spawns=0;key=Fervor1618	Your .*? surges with power as .*? coalesces around it
flare_mirror	elink1117_overload		254		damaging=1;aoe=0;spawns=0;key=ELink1117_Overload	An overload of mental energies pulse through your link
flare_mirror	elink1117_propagation		255		damaging=1;aoe=0;spawns=0;key=ELink1117_Propagation	Ripples of wavering energy coalesce around
flare_mirror	marmor520_fire		256		damaging=1;aoe=0;spawns=0;key=MArmor520_Fire	The fiery torrent of energy surrounding you flares toward
flare_mirror	reckoning		257		damaging=1;aoe=0;spawns=0;key=BS_Reckoning	With a deafening crack of thunder, a frayed bolt of violet-hazed lightning spears the .*?|Peals of laughter, bright and sharp, echo in your ears, transfixing the .*?|Falling like a hammer from the sky, a golden light strikes the .*? with resounding force\!|Tangled briars rise to catch the .*? on their thorns\!|Subtly tinted mists daub themselves upon the .*? , leeching away color\!|Cast in radiant outline, a massive silver fist closes tight around the .*?|Brazen and implacable, the light of judgment crashes down upon the .*?|A chill crystallizes the air, and the .*? is engulfed by a blazing, ice-bright vortex\!|Spinning rings of gem-bright color coalesce around the .*? and flare to brilliance\!|Warmth blooms at the .*?'s heart, quickly kindling into burning flame\!|Heat gathers and blossoms, bathing the .*? in the blistering brilliance of the sun\!|Darkness gathers around the .*? \, speared through by pinpoints of white fire\!|The very air rips past the .*? in a gold-streaked blur, chased by an echo of wings\!|Striking swift and vicious, unseen claws rake at the .*? , and hidden teeth bite\!|Cruel, glittering flames born of darkness erupt around the .*?|Crackling and luminous, gold and silver threads of pure magic slice at the .*? with alacrity\!|Smoke drifts in languid coils, entangling the .*? in its smothering embrace\!|Glistening and dark, a soul-sucking maw manifests behind the .*? as attenuated fangs descend\!|Hissing darkness, acrid and caustic, assaults the .*? in a flurry of lashing tentacles\!|Laid open by sorrow made manifest, the .*? keens in pain\!|Night falls, bearing the .*? down beneath a crushing wave of fear\!|Harsh battle cries frenzied with bloodlust split the air and tear into the .*?|With a sonorous knell, a frigid wind overtakes the .*?|A bewildering frenzy of silver spins around the .*? in dizzying assault, moon-bright and night-dark by turns\!|A haze of golden motes envelops the .*? within its cloying embrace\!|A sinuous shimmer of violet scales slices across the .*? , bleeding crimson in its wake\!|Threads of glistening silk wind around the .*? and pull taut\!|Slithering whispers encircle the .*? in aqueous trails of silvery mist\!|With a vengeful hiss, a phantasmal arc of star-bright silver slices into the .*?|A ferocious downdraft assaults the .*? with the thunder of countless wings\!|Verdant vines enfold the .*? in their leafy embrace\!|A smothering veil of violet-sparked ash billows over the .*? , searing where it touches\!|The .*? is beset by a brilliant flurry of flashing blades\!|A liquid surge of silvery power breaks against the .*? , scattering in salty spray\!|Striking out of the darkness, unseen daggers stab at the .*? from behind\!|Motes of color swirl up around the .*? in a frenetic dance, bursting with sudden and percussive force\!|Flickering yellow and red, rebellious sparks billow up around the .*? in a blistering brume\!|Purifying white fire envelops the .*? , casting him in blackened silhouette\!|Rippling twilight envelops the .*? in banded hues of dusk and dawn\!
flare_mirror	bs_hallowedreprisal		258		damaging=1;aoe=0;spawns=0;key=BS_HallowedReprisal	Fiery red barbs uncoil from the shadows nearby and lash out at
flare_mirror	bs_divinebulwark		259		damaging=1;aoe=0;spawns=0;key=BS_DivineBulwark	.*? shield springs into being between you and your attacker to temper the blow\!
flare_mirror	fatalafflares		260		damaging=1;aoe=0;spawns=0;key=FatalAfflares	A torrent of thick crimson blood rains down upon .*?, quelling .*? form\!|Pouring from your .*?, a sinister veil of mist shrouds .*? in suffocating tendrils of obscurity\!|light project from your .*? eyes toward .*? in a brilliant blast, knocking .*?|Mighty hooves drum the .*? as a tide of spectral buffalo thunders forth, trampling .*? in its chaotic path|Spiraled rakka horns burst from the .*? and propel maliciously upward along .*? form|Scythe-shaped rolton horns burst from the .*? and slice wickedly upward, cutting along .*? form|Crimson and gold wings sprout from your .*? and flutter toward .*? before growing to a magnificent size to envelop .*? in a mighty stranglehold|Intense .*? flames radiate from your .*? and surround .*? in a powerful rage|Your .*? with primal force as bone fragments rain down upon .*?|Threads of .*? energy project outward from your .*? and slice through .*?|Crackling with fiery might, your .*? a searing volley of fireballs that soar like meteors toward .*? and explode on contact|Your .*? a series of pulsating, blinding lights that scorch and sear .*?, a pungent odor of burning flesh lingering in the air|Strands of viscous white webbing covered with hundreds of black widow spiderlings spurt forth from your .*? and envelop .*? in a strangling constraint|With a bloodthirsty howl, a snarled and hideous jackal lunges forth from your .*? and rips ruthlessly at .*? with its powerful fangs|An ominous buzzing emanates from your .*? as a calamitous swarm of giant hornets besieges .*? with their torturous stingers|Materializing above, two enormous, clenched fists slam down forcefully upon .*? with brutal strength|Thorny vines and mold-infested roots emerge from the .*? beneath .*?, winding viciously around .*? with destructive results|Cracked and splintered bones propel rapidly from your .*? and strike .*? in a merciless onslaught|A thick, yellowish fog engulfs .*?, causing tiny pustules to form and burst into thousands of flesh-hungry botflies|Slick viridian snakes wriggle from the end of your .*? and slither along the .*? to .*?, where they unleash a brutal, venomous assault|Hundreds of razor-sharp daggers discharge from your .*? in a virulent barrage to mutilate .*?|Materializing in thin air, a thick, rusty iron collar forms around .*? and clamps shut, constricting all air flow|Waves of luminous energy pour from your .*? and assault .*? with a ruthless barrage of arduous strikes|An intense rush of energy spews from your .*? and engulfs .*? with an unrelenting dynamic attack|Your .*? a blizzard's wrath\!  Ice shards and snowflakes converge to engulf .*? in a relentless storm of freezing fury|Your .*? with airy energy, sculpting zephyrs into a symphony of cyclonic tempests that whips violently around .*?|Bursting from your .*?, a thick, flour-like cloud forms above .*? and splits open to drop a barrage of petrified biscuits onto .*? that disintegrates after impact|Giant claws unfurl from your .*? and scratch viciously at .*?, mauling .*? with unbridled furor|Luminescent motes of .*? eject from your .*? and propel toward .*? with increasing speed, finally bursting in a blinding flash|Your .*? rhythmically as a cacophony of ear splitting sounds assaults .*? from all directions|Dust particles swirl intensely and coalesce to form an elongated, open-mouthed macabre face that discharges a deafening, ear piercing wail directly at .*?|Reaching outward from your .*?, a ghastly pair of spectral hands grabs and claws ferociously at .*?|A miniscule orb of light floats from your .*?, hovering mid-air and gradually expanding to become a ghostly likeness of you\!  With a savage howl, the shadowy image unleashes a mighty attack on .*?|For a brief moment, your .*? in and out of existence, an enormous spectral skull appearing long enough to open its immense mouth and chomp down upon .*?|Flailing and spinning wildly, a whirlwind of tiny whips bursts from your .*? and violates .*? with a brutal slashing assault|Thin blades of grass fall from your .*? as a spectral doe appears in front of .*?, hind legs kicking and flailing in a protective whirlwind attack|a slit-pupiled eye bursts from your .*? and issues a chilling, intimidating stare directly at .*?|Black sparks emanate from your .*? as a silver-edged black sword appears and begins to repeatedly slash at .*?|Sparks of deep blue shimmer into existence from your .*? as an emerald trident appears and begins to repeatedly stab at .*?|With a loud cracking noise, tiny eggs spill forth from your .*? onto the .*? and erupt, birthing miniature roltons that begin to gnash viciously at .*? with their curved incisors before disappearing|With a loud cracking noise, tiny eggs spill forth from your .*? onto the .*? and erupt, birthing a cluster of rattlesnakes that repeatedly lash out and bite .*? with razor-sharp fangs|Gangly black tentacles sprout upward from the .*? and wrap around .*?, constricting .*? with brutal force|As brilliant as the sun, radiant beams surge forth from your .*? and burn .*?, leaving a stench of scorched matter in the air|A cacophony of sound blares from your .*?, surrounding .*? in a barrage of confounding noise|With a loud cracking noise, translucent eggs spill forth from your .*? onto the .*? and erupt, birthing albino tomb spiders that begin to devour .*? viciously with their glistening fangs before disappearing|Green sparks seep from your .*? and diverge through the air as a grey sickle appears and begins to hack and slash viciously at .*?|Thick, smoky wisps of jade ooze sinuously from your .*? and entwine around .*? in a strangling embrace
flare_mirror	quintonmanse		261		damaging=1;aoe=0;spawns=0;key=QuintonManse	Your .*? pulse(s)? with a deep purple and black hue, growing in intensity as energy is sucked from|With organized chaos, a massive stampede of spectral horses charges .*?, trampling .*? with unremitting fury|Breaking up through the .*?, bony claws grasp at .*?, stabbing .*? ruthlessly with disgusting, grimy nails|Two silver rods propel forth from your .*? and skewer .*? straight through the head, grey matter dripping from .*? cavernous puncture wounds|Your .*? catapult(s)? rapidly toward .*? as it delivers a grisly attack before earnestly returning to your possession|A thick black haze surrounds .*? as hundreds of skeletal hands form within the fog, ripping and clawing at .*? viciously|Leafy green tendrils swirl along the .*? toward .*? and rise upward, evolving into an overwhelming agglomeration of rancid pumpkins that pummel .*? mercilessly|A series of cacophonous caws and screeches fills the air as a murder of crows appears out of nowhere, swarming .*? and pecking .*? relentlessly|Oozing from your .*?, a black viscous substance is harbinger to a wormlike entity that lunges at .*? with a wide gaping maw and razor-sharp teeth|Blasting forth from your .*?, sizzling, red hot embers consume .*? in a fiery attack|The sound of gnawing teeth heralds the arrival of a ghastly ghoul that chomps and grinds rotten teeth against .*? body in a savage assault|Beams of radiant argent light from your .*? culminate in the image of a howling wolf behind .*? that pounces upon and tears at .*? savagely
flare_mirror	weapon_poison		262		damaging=0;aoe=0;spawns=0;key=CA_ArachnesBite	Afflicted by your .*? reels as the crimson-swirled poison does its work
flare_mirror	weapon_poison		263		damaging=0;aoe=0;spawns=0;key=CA_FoolsDeathwort	Afflicted by your .*? reels as the violet-tinted poison does its work
flare_mirror	weapon_poison		264		damaging=0;aoe=0;spawns=0;key=CA_OphidiansKiss	Afflicted by your .*? reels as the indigo-tinted poison does its work
flare_mirror	weapon_poison		265		damaging=0;aoe=0;spawns=0;key=CA_RavagersRevenge	Afflicted by your .*? reels as the maroon-swirled poison does its work
flare_mirror	weapon_poison		266		damaging=0;aoe=0;spawns=0;key=CA_ShatterlimbPoison	Afflicted by your .*? reels as the murky blue poison does its work
flare_mirror	ca_majorpoison_dot		267		damaging=1;aoe=0;spawns=0;key=CA_MajorPoison_Dot	wavers with infirmity and pales slightly|suffers visibly from the poison afflicting|A spasm of pain overtakes|study of agonized misery|sweats copiously and groans in pain
flare_mirror	boil_blood		268		damaging=1;aoe=0;spawns=0;key=BloodBoil_GS	\*\* A fiery aura spirals from your hands
flare_mirror	burningblood_gs		269		damaging=1;aoe=0;spawns=0;key=BurningBlood_GS	\*\* Your blood ignites as it sprays through the air
flare_mirror	etherflux_gs		270		damaging=1;aoe=0;spawns=0;key=EtherFlux_GS	\*\* Rapidly fluctuating elemental power blooms
flare_mirror	chargedpresence_gs		271		damaging=1;aoe=0;spawns=0;key=ChargedPresence_GS	A powerful jolt of electricity erupts from your crackling aura|A sphere of snapping and crackling ethereal ripples expands outward from you|A wave of snapping and crackling ethereal ripples moves outward from you|\*\* Lightning ignites around you\, coalescing into a powerful aura of crackling energy\!
flare_mirror	thornsdisruption_gs		272		damaging=1;aoe=0;spawns=0;key=ThornsDisruption_GS	\*\* Light and shadow flicker erratically around you as a wave of pure disruptive force rolls toward .*?\! \*\*
flare_mirror	thornsfrost_gs		273		damaging=1;aoe=0;spawns=0;key=ThornsFrost_GS	\*\* Frost crystallizes beneath .*? as a howling arctic wind buffets it\! \*\*
flare_mirror	thornsimpact_gs		274		damaging=1;aoe=0;spawns=0;key=ThornsImpact_GS	\*\* The air around .*? pulses rapidly with violent oscillations\! \*\*
flare_mirror	thornslightning_gs		275		damaging=1;aoe=0;spawns=0;key=ThornsLightning_GS	\*\* The air around you crackles with electricity
flare_mirror	thornsplasma_gs		276		damaging=1;aoe=0;spawns=0;key=ThornsPlasma_GS	\*\* Plasmatic tendrils of blinding light radiate from your vicinity\, lashing toward .*?\! \*\*
flare_mirror	arcane_sidearm		277		damaging=1;aoe=0;spawns=0;key=Arcane_Sidearm	^You .*? with a vapor\-haloed .*? at
