creature_id	area	uid_lo	uid_hi
agresh_bear	Grasslands	14012050	14012070
agresh_troll_chieftain	Grasslands	14012100	14012120
agresh_troll_chieftain	Grasslands	14012150	14012165
agresh_troll_scout	Grasslands	14012030	14012042
agresh_troll_warrior	Grasslands	14012010	14012022
aivren	The Rift	4568028	4568055
albino_tomb_spider	The Graveyard	2162113	2162122
algae_draped_merrow_oracle	Sailor's Grief	7150701	7150733
amaranthine_kraken_tentacle	Sailor's Grief	7150501	7150535
amaranthine_kraken_tentacle	Sailor's Grief	7150701	7150719
ancient_ghoul_master	The Graveyard	18029	18035
ancient_ghoul_master	The Graveyard	18070	18070
animated_slush	Gossamer Valley	13023013	13023054
animated_slush	Gossamer Valley	13023076	13023076
arachne_acolyte	Spider Temple	13010	13030
arachne_priest	Spider Temple	13001	13036
arachne_servant	Lower Trollfang	12016	12045
arch_wight	Castle Anwyn	4285023	4285023
arch_wight	Castle Anwyn	4285030	4285030
arch_wight	Castle Anwyn	4285051	4285057
arch_wight	Castle Anwyn	4285100	4285103
arch_wight	Plains of Bone	14011023	14011041
arch_wight	The Graveyard	18101	18110
arch_wight	The Graveyard	18200	18209
arch_wight	The Graveyard	2162113	2162122
arch_wight	Abbey	4132101	4132118
arctic_manticore	Ice Plains	4127005	4127045
arctic_puma	Abbey	4132001	4132010
arctic_titan	Glatoph	2153002	2153031
arctic_titan	Icemule Trail	4044134	4044139
arctic_wolverine	Pinefar Forests	4563008	4563020
arctic_wolverine	Sleeping Lady Mountains	4565016	4565037
ash_guardian	Volcanic Flats	3023107	3023123
ash_hag	Volcanic Flats	3023001	3023028
ashen_patrician_vampire	Moonsedge	4577106	4577123
ashen_patrician_vampire	Moonsedge	4577201	4577214
ashen_patrician_vampire	Moonsedge	4577216	4577249
athletic_dark_eyed_incubus	Abbey	4132201	4132240
athletic_dark_eyed_incubus	Abbey	4132243	4132248
baesrukha	Yegharren Plains	13036401	13036414
baesrukha	Yegharren Plains	13036501	13036514
banded_rattlesnake	Emerald Forest	13301170	13301191
banded_rattlesnake	Emerald Forest	13301201	13301232
banded_rattlesnake	Emerald Forest	13301301	13301335
banshee	Darkstone Castle	42001	42016
banshee	Darkstone Castle	44001	44006
banshee	Darkstone Castle	44033	44036
banshee	Darkstone Castle	44046	44051
banshee	Fhorian Village	3030256	3030268
barbed_cavern_urchin	Hornwort Cavern	7131001	7131018
barghest	Yegharren Plains	13036201	13036217
barghest	Yegharren Plains	13036301	13036310
barghest	Yegharren Plains	13036401	13036414
behemothic_gorefrost_golem	Hinterwilds	7503101	7503146
bent_being	Old Ta'Faendryl	17003011	17003038
bent_being	Old Ta'Faendryl	17003101	17003150
bent_being	Old Ta'Faendryl	17003201	17003217
big_ugly_kobold	Lower Dragonsclaw	373005	373016
bighorn_sheep	Emerald Forest	13301170	13301191
bighorn_sheep	Emerald Forest	13301201	13301232
black_bear	Neartofar Forest	14015101	14015118
black_bear	Lysierian Hills	92002	92018
black_bear	Slope	395002	395015
black_boar	Neartofar Forest	14015101	14015118
black_forest_ogre	Blighted Forest	13020001	13020051
black_forest_ogre	Blighted Forest	13020100	13020114
black_forest_ogre	Aradhul Road	17005003	17005006
black_forest_ogre	Aradhul Road	17005015	17005023
black_forest_ogre	Aradhul Road	17005027	17005035
black_forest_viper	Blighted Forest	13020001	13020051
black_forest_viper	Blighted Forest	13020100	13020114
black_leopard	Grasslands	14012050	14012070
black_leopard	Grasslands	14012150	14012165
black_rolton	Yander's Farm	14005002	14005019
black_winged_daggerbeak	Holdings of Vornavis	2130100	2130123
blackened_decaying_tumbleweed	Abandoned Farm	4124050	4124062
blazing_red_phoenix	Volcanic Flats	3023107	3023123
bloated_kiramon_broodtender	The Hive	13041301	13041329
blood_eagle	The Citadel	2102022	2102049
blood_eagle	South River Road	2104010	2104016
bloody_halfling_cannibal	Hinterwilds	7503101	7503146
blubbery_humpbacked_merrow	Sailor's Grief	7150501	7150535
blubbery_humpbacked_merrow	Sailor's Grief	7150701	7150733
bobcat	The Toadwort	14007024	14007041
bog_spectre	Fethayl Bog	13038001	13038031
bog_troll	Miasmal Forest	5003001	5003027
bog_troll	Miasmal Forest	5003030	5003030
bog_troll	Miasmal Forest	5003032	5003032
bog_troll	Miasmal Forest	5003036	5003050
bog_troll	Miasmal Forest	5004001	5004034
bog_wight	Fethayl Bog	13038001	13038031
bog_wraith	Miasmal Forest	5003021	5003027
bog_wraith	Miasmal Forest	5003030	5003030
bog_wraith	Miasmal Forest	5003032	5003032
bog_wraith	Miasmal Forest	5003036	5003050
bone_golem	Plains of Bone	14011001	14011022
bone_golem	The Citadel	2102001	2102006
bone_golem	The Citadel	2102059	2102069
bone_golem	Upper Trollfang	14070	14079
bony_tenthsworn_occultist	Crawling Shore	4576101	4576126
bony_tenthsworn_occultist	Crawling Shore	4576151	4576160
brackish_bilge_mass	Sailor's Grief	7150501	7150535
brawny_gigas_shield-maiden	Hinterwilds	7503301	7503312
brawny_gigas_shield-maiden	Hinterwilds	7503321	7503332
brawny_gigas_shield-maiden	Hinterwilds	7503341	7503353
brawny_gigas_shield-maiden	Hinterwilds	7503361	7503366
brawny_gigas_shield-maiden	Hinterwilds	7503371	7503374
brawny_gigas_shield-maiden	Hinterwilds	7503381	7503384
bresnahanini_rolton	Outlands	4215701	4215716
bristly_black_tapir	Cloud Forest	3219001	3219038
brown_boar	Neartofar Forest	14015101	14015118
brown_gak	Yander's Farm	14005002	14005019
brown_spinner	The Citadel	2102022	2102049
burly_reiver	Luinne Bheinn	4251110	4251111
cadaverous_tatterdemalion_ghast	Moonsedge	4577001	4577028
cadaverous_tatterdemalion_ghast	Moonsedge	4577051	4577058
cadaverous_tatterdemalion_ghast	Moonsedge	4577106	4577123
cadaverous_tatterdemalion_ghast	Moonsedge	4577201	4577214
cadaverous_tatterdemalion_ghast	Moonsedge	4577216	4577249
caedera	The Rift	4567001	4567055
carceris	Castle Anwyn	4285030	4285050
caribou	Pinefar Forests	4563001	4563021
caribou	Sleeping Lady Mountains	4565004	4565014
carrion_worm	Coastal Cliffs	67001	67020
carrion_worm	Subterranean Tunnels	4045211	4045230
cave_bear	Hidden Vale	40001	40013
cave_bear	Hidden Vale	40020	40020
cave_gnoll	Upper Dragonsclaw	2121015	2121024
cave_gnome	Catacombs	46029	46033
cave_gnome	Catacombs	46035	46037
cave_gnome	Upper Dragonsclaw	2121015	2121024
cave_gnome	Subterranean Tunnels	4045120	4045141
cave_lizard	Czeroth Caverns	13007001	13007043
cave_nipper	Sea Caverns	391001	391022
cave_troll	Hidden Vale	36001	36005
cave_troll	Vornavian Coast	4202161	4202180
cave_troll	Upper Trollfang	14032	14043
cave_troll	Upper Trollfang	14052	14060
cave_troll	Upper Trollfang	17020	17028
cave_troll	Upper Trollfang	17101	17115
cave_troll	Crystal Caves	24019	24057
cave_worm	Crystal Caves	24001	24017
cave_worm	Crystal Caves	24019	24057
cave_worm	Sea Caverns	392001	392008
centaur	Rambling Meadows	14006041	14006046
centaur	Rambling Meadows	14006048	14006060
centaur	Vornavian Coast	4218101	4218121
centaur	Locksmehr Trail	13001043	13001079
centaur_ranger	Rambling Meadows	14006041	14006046
centaur_ranger	Rambling Meadows	14006048	14006060
chitinous_kiramon_myrmidon	The Hive	13041101	13041132
chitinous_kiramon_myrmidon	The Hive	13041201	13041230
chitinous_kiramon_myrmidon	The Hive	13041301	13041329
cinder_wasp	Volcano	3052001	3052025
cloud_sprite_bully	Cloud Forest	3219001	3219038
cloud_sprite_meddler	Cloud Forest	3219001	3219038
cobra	The Graveyard	18048	18051
cobra	The Graveyard	18053	18054
cobra	The Graveyard	2156001	2156015
cobra	Vornavian Coast	4202101	4202111
cockatrice	Upper Trollfang	15009	15015
coconut_crab	Rocky Shoals	7127001	7127019
cold_guardian	Icemule Trail	4044131	4044134
cold_guardian	Icemule Trail	4044136	4044139
cold_guardian	Ice Plains	4127035	4127045
cold_guardian	Ice Plains	7502001	7502015
colossal_boreal_undansormr	Hinterwilds	7503401	7503421
colossal_boreal_undansormr	Hinterwilds	7503479	7503498
colossus_vulture	Yegharren Plains	13036111	13036118
colossus_vulture	Yegharren Plains	13036201	13036217
corpulent_kresh_ravager	The Hive	13041101	13041132
corpulent_kresh_ravager	The Hive	13041201	13041230
cougar	Vornavian Coast	4218101	4218121
coyote	Upper Trollfang	16001	16005
coyote	Upper Trollfang	16011	16013
coyote	Vornavian Coast	4214101	4214115
coyote	Lower Dragonsclaw	9042	9047
coyote	Lower Dragonsclaw	9058	9058
coyote	Plains of Vornavis	4212101	4212130
coyote	Plains of Vornavis	4213101	4213130
coyote	Liath Bheinn and Aillidh Brae	4250022	4250026
crackling_lightning_fiend	Stormpeak	13150401	13150425
crazed_canine	Cliffwalk	7129001	7129017
crazed_zombie	Lunule Weald	14016001	14016038
crested_basilisk	Outlands	2152013	2152030
crested_basilisk	Rambling Meadows	14006041	14006046
crested_basilisk	Rambling Meadows	14006048	14006060
crested_basilisk	Yegharren Plains	13034401	13034416
crocodile	The Citadel	377051	377066
crocodile	The Citadel	377077	377081
crocodile	The Citadel	377083	377084
crocodile	Plains of Vornavis	4212301	4212324
crocodile	Thurfel's Island	7530006	7530029
crystal_crab	Thurfel's Island	7530006	7530029
crystal_golem	Crystal Caves	24058	24064
csetairi	The Rift	4567001	4567055
cyclops	Noman's Land	4600010	4600020
dark_apparition	Glaise Cnoc Cemetery	14008073	14008081
dark_apparition	Southern Snowfields	4128058	4128070
dark_frosty_plant	Abandoned Farm	4124050	4124062
dark_orc	Yander's Farm	14005054	14005066
dark_orc	Smuggling Tunnels	37002	37021
dark_orc	Vornavian Coast	4202401	4202416
dark_panther	Karazja Jungle	5006004	5006009
dark_panther	Karazja Jungle	5006040	5006040
dark_panther	Vipershroud	2190001	2190025
dark_panther	Vipershroud	2190027	2190034
dark_shambler	Plains of Bone	14011023	14011035
dark_shambler	Vornavian Coast	4217201	4217216
dark_shambler	Upper Trollfang	16058	16064
dark_shambler	Abbey	4132101	4132118
dark_vortece	The Broken Lands	94026	94040
dark_vysan	Coastal Cliffs	68006	68008
dark_vysan	Coastal Cliffs	68030	68032
dark_vysan	Coastal Cliffs	4381001	4381021
dark_vysan	Glaise Cnoc Cemetery	14008025	14008051
darken	Wraithenmist	13027003	13027083
darkly_inked_fetish_master	The Rift	4571001	4571030
darkwoode	The Toadwort	14007024	14007031
darkwoode	Upper Trollfang	16036	16044
darkwoode	Vornavian Coast	4218201	4218221
death_dirge	Plains of Bone	14011001	14011022
death_dirge	Vornavian Coast	4202141	4202156
death_dirge	The Graveyard	18042	18044
death_dirge	The Graveyard	18048	18052
death_dirge	The Graveyard	2162001	2162015
deathsworn_fanatic	Shadow of the Sanctum	4216001	4216049
decaying_citadel_guardsman	The Citadel	377002	377008
decaying_citadel_guardsman	The Citadel	377013	377015
decaying_citadel_guardsman	The Citadel	377020	377030
decaying_citadel_guardsman	The Citadel	377301	377314
decaying_citadel_guardsman	The Citadel	377320	377344
deranged_sentry	Thurfel's Island	7531026	7531042
desiccated_half_krolvin_strigoi	Crawling Shore	4576101	4576126
desiccated_half_krolvin_strigoi	Crawling Shore	4576151	4576160
dhu_goleras	Maaghara Tower	13022004	13022055
direbear	Red Forest	480216	480230
direbear	Red Forest	17006216	17006230
disfigured_hive_thrall	The Hive	13041101	13041132
disfigured_hive_thrall	The Hive	13041201	13041230
disfigured_hive_thrall	The Hive	13041301	13041329
dobrem	Outlands	2152003	2152029
dobrem	Outlands	4215100	4215118
dobrem	Outlands	4215133	4215160
dobrem	Outlands	4215164	4215182
dreadnought_raptor	Gyldemar Forest	13028001	13028034
dybbuk	Bonespear Tower	319100	319112
dybbuk	Bonespear Tower	319117	319133
earth_elemental	Bowels of Thanatoph	4293001	4293032
earth_elemental	Bowels of Thanatoph	4293051	4293057
ebon_swine	Black Weald	7130001	7130018
eidolon	Bonespear Tower	319117	319140
elder_ghoul_master	The Graveyard	18029	18035
elder_ghoul_master	The Graveyard	18070	18070
elder_tree_spirit	Abandoned Farm	4124101	4124112
elder_tree_spirit	Abandoned Farm	4124114	4124124
emaciated_hierophant	Temple Wyneb	13300001	13300076
emaciated_hierophant	Temple Wyneb	13300080	13300080
enormous_mosquito	Monsoon Jungle	3218001	3218046
enormous_mosquito	Monsoon Jungle	3218049	3218054
enormous_rift_crawler	The Rift	4569001	4569023
ethereal_mage_apprentice	The Citadel	377002	377008
ethereal_mage_apprentice	The Citadel	377013	377015
ethereal_mage_apprentice	The Citadel	377020	377030
ethereal_mage_apprentice	The Citadel	377320	377328
ethereal_triton_psionicist	Atoll	7138201	7138218
ethereal_triton_sentry	Ruined Temple	3031081	3031106
eyeless_black_valravn	Hinterwilds	7503321	7503332
eyeless_black_valravn	Hinterwilds	7503371	7503374
eyeless_black_valravn	Hinterwilds	7503422	7503466
fallen_crusader	The Rift	4569001	4569023
fanged_goblin	The Toadwort	14007001	14007022
fanged_rodent	Catacombs	14009001	14009040
fanged_viper	The Toadwort	14007012	14007041
fenghai	Vornavian Coast	4006001	4006031
fenghai	Vornavian Coast	4218101	4218121
festering_taint	Old Ta'Faendryl	17003011	17003038
festering_taint	Old Ta'Faendryl	17003101	17003150
festering_taint	Old Ta'Faendryl	17003201	17003217
fire_ant	Barefoot Hill	14010101	14010118
fire_cat	Lysierian Hills	92032	92041
fire_cat	Lysierian Hills	92120	92129
fire_elemental	Eye of V'Tull	3060002	3060018
fire_elemental	Eye of V'Tull	3061001	3061028
fire_giant	Volcanic Flats	3023001	3023017
fire_guardian	Glatoph	35010	35024
fire_guardian	Vornavian Coast	4202301	4202320
fire_mage	Eye of V'Tull	3051005	3051020
fire_mage	Eye of V'Tull	3051022	3051030
fire_mage	Eye of V'Tull	3061001	3061017
fire_mage	Eye of V'Tull	3061028	3061038
fire_ogre	Volcanic Flats	3023001	3023028
fire_rat	Lysierian Hills	92032	92041
fire_salamander	Vornavian Coast	4202301	4202320
fire_salamander	Catacombs	46019	46025
fire_salamander	Catacombs	46028	46032
fire_sprite	Eye of V'Tull	3051003	3051030
fire_sprite	Eye of V'Tull	3061025	3061035
firebird	Volcanic Flats	3023107	3023123
firephantom	Glatoph	35010	35024
firephantom	Vornavian Coast	4202301	4202320
firephantom	The Citadel	2102001	2102006
firephantom	The Citadel	2102059	2102069
firethorn_shoot	Fhorian Village	3030001	3030010
firethorn_shoot	Fhorian Village	3030035	3030043
firethorn_shoot	Fhorian Village	3030250	3030254
flayed_gigas_disciple	Hinterwilds	7503401	7503421
flayed_gigas_disciple	Hinterwilds	7503467	7503478
flayed_gigas_disciple	Hinterwilds	7503490	7503498
flesh_golem	Marsh Keep	376051	376054
flesh_golem	Marsh Keep	376057	376088
flickering_mist_wreathed_banshee	Moonsedge	4577001	4577028
flickering_mist_wreathed_banshee	Moonsedge	4577051	4577058
flickering_mist_wreathed_banshee	Moonsedge	4577106	4577123
flickering_mist_wreathed_banshee	Moonsedge	4577201	4577214
flickering_mist_wreathed_banshee	Moonsedge	4577216	4577249
forest_bendith	Gyldemar Forest	13031001	13031056
forest_ogre	Vornavian Coast	4218201	4218221
forest_trali	Gyldemar Forest	13028038	13028080
forest_trali_shaman	Gyldemar Forest	13028038	13028080
forest_troll	Upper Trollfang	14001	14023
forest_troll	Upper Trollfang	15001	15030
forest_troll	Upper Trollfang	16005	16035
forest_troll	Vornavian Coast	4214101	4214115
frenzied_monk	Lunule Weald	14016039	14016057
frenzied_monk	Lunule Weald	14016059	14016082
frost_giant	Glatoph	35026	35030
frost_giant	Glatoph	35068	35072
frost_giant	Glatoph	2153002	2153031
frost_giant	Icemule Trail	4044001	4044019
frost_giant	Icemule Trail	4044121	4044130
frost_giant	Sleeping Lady Mountains	4560001	4560019
frost_giant	Ice Plains	7502011	7502021
frozen_corpse	Sleeping Lady Mountains	4560030	4560053
frozen_corpse	Pinefar Forests	4563030	4563051
fulminating_stormborn_primordial	Sailor's Grief	7150201	7150229
fulminating_stormborn_primordial	Sailor's Grief	7150301	7150325
fulminating_stormborn_primordial	Sailor's Grief	7150328	7150329
garish_revenant_buccaneer	Sailor's Grief	7150501	7150535
gaudy_phantasmic_conjurer	Moonsedge	4577106	4577123
gaudy_phantasmic_conjurer	Moonsedge	4577201	4577214
gaudy_phantasmic_conjurer	Moonsedge	4577216	4577249
gaunt_feral_selkie	Crawling Shore	4576101	4576126
gaunt_feral_selkie	Crawling Shore	4576151	4576160
gaunt_spectral_servant	Marsh Keep	376001	376001
gaunt_spectral_servant	Marsh Keep	376003	376010
gaunt_spectral_servant	Marsh Keep	376015	376018
gaunt_spectral_servant	Marsh Keep	376020	376034
gaunt_spectral_servant	Marsh Keep	376040	376044
gaunt_spectral_servant	Marsh Keep	376051	376054
gaunt_spectral_servant	Marsh Keep	376057	376062
gaunt_spectral_servant	Marsh Keep	376084	376088
ghost	Coastal Cliffs	67043	67053
ghost_wolf	Plains of Bone	14011023	14011041
ghost_wolf	Upper Trollfang	14070	14079
ghost_wolf	Icemule Trail	4044200	4044218
ghostly_mara	Wraithenmist	13027023	13027086
ghostly_pooka	Shadow Valley	389001	389019
ghostly_pooka	Shadow Valley	389021	389027
ghostly_pooka	Shadow Valley	2158001	2158020
ghostly_warrior	Wolves' Den	390002	390022
ghostly_warrior	Wolves' Den	390025	390048
ghoul_master	The Graveyard	18029	18035
ghoul_master	The Graveyard	18070	18070
ghoul_master	The Graveyard	2162101	2162122
ghoul_master	Plains of Bone	14011023	14011035
giant_albino_scorpion	Mraent Caverns	13008001	13008040
giant_albino_tomb_spider	The Graveyard	2162113	2162122
giant_ant	Dark Caverns	47001	47024
giant_ant	Dark Caverns	47026	47033
giant_fog_beetle	The Broken Lands	306016	306048
giant_fog_beetle	Greymist Woods	3021001	3021016
giant_fog_beetle	Greymist Woods	3022001	3022017
giant_hawk_owl	Sorcerer's Isle	14202001	14202023
giant_hawk_owl	Teorainn Dale	13024035	13024064
giant_marmot	Yander's Farm	14005038	14005053
giant_marmot	Smuggling Tunnels	37002	37041
giant_rat	Catacombs	46001	46003
giant_rat	Catacombs	46007	46007
giant_rat	Catacombs	46039	46041
giant_rat	Catacombs	46052	46058
giant_rat	Catacombs	2133100	2133109
giant_rat	Catacombs	2133200	2133206
giant_rat	Catacombs	2134100	2134108
giant_rat	Catacombs	2134200	2134207
giant_rat	Catacombs	2135100	2135107
giant_rat	Catacombs	2135200	2135209
giant_rat	Catacombs	2136100	2136108
giant_rat	Catacombs	2136200	2136208
giant_rat	Catacombs	4126004	4126023
giant_rat	Lower Dragonsclaw	372005	372014
giant_rat	Lower Dragonsclaw	372020	372026
giant_rat	Lower Dragonsclaw	372030	372039
giant_rat	The Citadel	2103007	2103013
giant_rat	The Citadel	2103015	2103023
giant_rat	Subterranean Tunnels	4045150	4045158
giant_rat	Subterranean Tunnels	4045160	4045168
giant_rat	Subterranean Tunnels	4045200	4045210
giant_veaba	Czeroth Caverns	13007001	13007043
giant_weasel	Yegharren Plains	13034401	13034416
giant_weasel	Emerald Forest	13301201	13301232
giant_weasel	Emerald Forest	13301301	13301335
gigantic_lightning_whelk	Sailor's Grief	7150101	7150105
gigantic_lightning_whelk	Sailor's Grief	7150115	7150116
gigantic_lightning_whelk	Sailor's Grief	7150201	7150229
gigantic_lightning_whelk	Sailor's Grief	7150301	7150325
gigantic_lightning_whelk	Sailor's Grief	7150328	7150329
glacial_morph	Gossamer Valley	13023013	13023054
glistening_cerebralite	The Rift	4569001	4569023
glistening_cerebralite	The Rift	4571001	4571030
gnarled_being	Old Ta'Faendryl	17003011	17003038
gnarled_being	Old Ta'Faendryl	17003101	17003150
gnarled_being	Old Ta'Faendryl	17003201	17003217
gnoll_guard	Foothills of Zeltoph	10009	10060
gnoll_guard	Foothills of Zeltoph	11201	11221
gnoll_jarl	Foothills of Zeltoph	11020	11030
gnoll_miner	Foothills of Zeltoph	11221	11221
gnoll_priest	Foothills of Zeltoph	10040	10050
gnoll_priest	Foothills of Zeltoph	11001	11030
gnoll_ranger	Foothills of Zeltoph	10001	10020
gnoll_ranger	Foothills of Zeltoph	10200	10206
gnoll_thief	Foothills of Zeltoph	10001	10020
gnoll_thief	Foothills of Zeltoph	10201	10206
gnoll_worker	Foothills of Zeltoph	10001	10009
gnoll_worker	Foothills of Zeltoph	10021	10039
gnoll_worker	Foothills of Zeltoph	11001	11014
goblin	Old Mine Road	20001	20035
goblin	The Graveyard	18003	18011
goblin	Upper Trollfang	16001	16020
goblin	Sea Caverns	391001	391022
great_boar	Vornavian Coast	4202182	4202199
great_boar	Yander's Farm	14005054	14005066
great_boar	Lysierian Hills	92002	92018
great_boar	Slope	395002	395015
great_boar	Locksmehr Trail	13000002	13000047
great_brown_bear	Upper Trollfang	14001	14023
great_brown_bear	Upper Trollfang	17020	17025
great_brown_bear	Upper Trollfang	17101	17118
great_brown_bear	Upper Trollfang	17127	17127
great_stag	Yander's Farm	14005067	14005080
great_stag	Yegharren Plains	13034101	13034118
great_stag	Yegharren Plains	13034201	13034221
greater_bog_troll	Miasmal Forest	5003039	5003050
greater_bog_troll	Miasmal Forest	5004035	5004044
greater_bog_troll	Miasmal Forest	5004049	5004053
greater_burrow_orc	Melgorehn's Valley	2148026	2148040
greater_construct	Old Ta'Faendryl	17004001	17004028
greater_construct	Old Ta'Faendryl	17004030	17004120
greater_earth_elemental	Bowels of Thanatoph	4293015	4293057
greater_faeroth	Gyldemar Forest	13030041	13030076
greater_ghoul	Glaise Cnoc Cemetery	14008025	14008051
greater_ghoul	The Citadel	2102008	2102020
greater_ghoul	The Graveyard	18048	18058
greater_ghoul	The Graveyard	18060	18061
greater_ghoul	The Graveyard	18065	18068
greater_ghoul	The Graveyard	2162001	2162015
greater_ghoul	Vornavian Coast	4202141	4202156
greater_ice_giant	Sleeping Lady Mountains	4560030	4560053
greater_ice_spider	Southern Snowfields	4128045	4128055
greater_kappa	Coastal Cliffs	85001	85009
greater_krynch	Bowels of Thanatoph	4293001	4293052
greater_moor_wight	Miasmal Forest	5003039	5003050
greater_moor_wight	Miasmal Forest	5004035	5004044
greater_moor_wight	Miasmal Forest	5004049	5004053
greater_moor_wight	Yegharren Plains	13036201	13036217
greater_moor_wight	Yegharren Plains	13036401	13036414
greater_moor_wight	Yegharren Plains	13036501	13036514
greater_orc	The Citadel	2100102	2100120
greater_orc	Upper Trollfang	16001	16044
greater_orc	Foothills of Zeltoph	2131001	2131010
greater_orc	Foothills of Zeltoph	2131040	2131045
greater_orc	Vornavian Coast	4214101	4214115
greater_orc	Cairnfang	4745001	4745019
greater_orc	Cairnfang	4745021	4745032
greater_orc	Cairnfang	4745035	4745039
greater_skayl	McKyren's End	3063001	3063013
greater_spider	The Graveyard	2162001	2162015
greater_spider	Vornavian Coast	4202161	4202180
greater_spider	Vornavian Coast	4218201	4218221
greater_spider	Crystal Caves	24001	24017
greater_spider	Sea Caverns	392001	392008
greater_water_elemental	Ruined Temple	3031081	3031106
greenwing_hornet	Castle Anwyn	4285036	4285040
greenwing_hornet	Castle Anwyn	4285043	4285047
greenwing_hornet	Castle Anwyn	4285051	4285057
gremlock	Old Ta'Faendryl	17002201	17002247
gremlock	Old Ta'Faendryl	17002301	17002325
gremlock	Old Ta'Faendryl	17003011	17003038
gremlock	Old Ta'Faendryl	17003101	17003150
gremlock	Old Ta'Faendryl	17003201	17003217
grey_orc	Yander's Farm	14005067	14005080
grey_orc	Upper Trollfang	14015	14023
grey_orc	Upper Trollfang	14025	14025
grey_orc	Upper Trollfang	16051	16057
grey_orc	Liath Bheinn and Aillidh Brae	4250005	4250021
grey_plumed_steelwing_harpy	Sailor's Grief	7150301	7150325
grey_plumed_steelwing_harpy	Sailor's Grief	7150328	7150329
grifflet	Griffin's Keen	13302101	13302121
grifflet	Griffin's Keen	13302132	13302169
grim_gigas_skald	Hinterwilds	7503301	7503312
grim_gigas_skald	Hinterwilds	7503321	7503332
grim_gigas_skald	Hinterwilds	7503341	7503353
grim_gigas_skald	Hinterwilds	7503361	7503366
grim_gigas_skald	Hinterwilds	7503371	7503374
grim_gigas_skald	Hinterwilds	7503381	7503384
grisly_corpse_hulk	Crawling Shore	4576101	4576126
grisly_corpse_hulk	Crawling Shore	4576151	4576160
grizzly_bear	Pinefar Forests	4563014	4563026
grutik_savage	Zaerthu Tunnels	13009001	13009039
grutik_shaman	Zaerthu Tunnels	13009001	13009039
haggard_veiki_herald	Stormpeak	13150401	13150425
hapless_charmed_corsair	Sailor's Grief	7150101	7150105
hapless_charmed_corsair	Sailor's Grief	7150115	7150116
hapless_charmed_corsair	Sailor's Grief	7150201	7150229
hapless_charmed_corsair	Sailor's Grief	7150301	7150325
hapless_charmed_corsair	Sailor's Grief	7150328	7150329
heavily_armored_battle_mastodon	Hinterwilds	7503301	7503312
heavily_armored_battle_mastodon	Hinterwilds	7503341	7503353
hill_troll	Hidden Vale	36006	36010
hill_troll	Upper Trollfang	17001	17010
hill_troll	Upper Trollfang	374001	374012
hill_troll	Slope	395017	395051
hisskra_chieftain	The Ruined Tower	305001	305022
hisskra_shaman	The Ruined Tower	305001	305022
hisskra_shaman	The Ruined Tower	305050	305056
hisskra_warrior	The Ruined Tower	305001	305030
hisskra_warrior	The Ruined Tower	305032	305038
hisskra_warrior	The Ruined Tower	305050	305056
hobgoblin	The Graveyard	18018	18028
hobgoblin	The Graveyard	18037	18040
hobgoblin	The Graveyard	18042	18044
hobgoblin	The Graveyard	18048	18052
hobgoblin	The Graveyard	2162001	2162015
hobgoblin	Upper Dragonsclaw	8001	8009
hobgoblin	Upper Dragonsclaw	2121001	2121013
hobgoblin	Upper Dragonsclaw	4121001	4121020
hobgoblin	Southern Snowfields	4128018	4128024
hobgoblin	Ocoma Vale	4300001	4300025
hobgoblin	Cairnfang	4745040	4745050
hobgoblin	Muddy Village	7128001	7128015
hobgoblin	Muddy Village	7128026	7128030
hobgoblin_acolyte	Muddy Village	7128001	7128015
hobgoblin_acolyte	Muddy Village	7128026	7128030
hobgoblin_shaman	Ocoma Vale	4300012	4300025
hooded_figure	The Broken Lands	306016	306048
hooded_figure	The Broken Lands	487002	487007
hooded_figure	The Broken Lands	487010	487014
hooded_figure	The Broken Lands	487016	487016
hooded_figure	The Broken Lands	487018	487018
hooded_figure	The Broken Lands	487044	487048
horned_basalt_grotesque	Moonsedge	4577001	4577028
horned_basalt_grotesque	Moonsedge	4577051	4577058
horned_basalt_grotesque	Moonsedge	4577101	4577123
horned_basalt_grotesque	Moonsedge	4577201	4577214
horned_basalt_grotesque	Moonsedge	4577216	4577249
horned_vor_taz	Gyldemar Forest	13030001	13030040
huge_air_elemental	Elemental Confluence	580001	580025
huge_air_elemental	Elemental Confluence	581001	581025
huge_air_elemental	Elemental Confluence	582001	582025
huge_air_elemental	Elemental Confluence	583001	583025
huge_air_elemental	Elemental Confluence	584001	584025
huge_air_elemental	Elemental Confluence	585001	585025
huge_air_elemental	Elemental Confluence	586001	586025
huge_air_elemental	Elemental Confluence	587001	587025
huge_air_elemental	Elemental Confluence	588001	588025
huge_earth_elemental	Elemental Confluence	580001	580025
huge_earth_elemental	Elemental Confluence	581001	581025
huge_earth_elemental	Elemental Confluence	582001	582025
huge_earth_elemental	Elemental Confluence	583001	583025
huge_earth_elemental	Elemental Confluence	584001	584025
huge_earth_elemental	Elemental Confluence	585001	585025
huge_earth_elemental	Elemental Confluence	586001	586025
huge_earth_elemental	Elemental Confluence	587001	587025
huge_earth_elemental	Elemental Confluence	588001	588025
huge_fire_elemental	Elemental Confluence	580026	580053
huge_fire_elemental	Elemental Confluence	581026	581053
huge_fire_elemental	Elemental Confluence	582026	582053
huge_fire_elemental	Elemental Confluence	583026	583053
huge_fire_elemental	Elemental Confluence	584026	584053
huge_fire_elemental	Elemental Confluence	585026	585053
huge_fire_elemental	Elemental Confluence	586026	586053
huge_fire_elemental	Elemental Confluence	587026	587053
huge_fire_elemental	Elemental Confluence	588026	588053
huge_ice_elemental	Elemental Confluence	580001	580025
huge_ice_elemental	Elemental Confluence	581001	581025
huge_ice_elemental	Elemental Confluence	582001	582025
huge_ice_elemental	Elemental Confluence	583001	583025
huge_ice_elemental	Elemental Confluence	584001	584025
huge_ice_elemental	Elemental Confluence	585001	585025
huge_ice_elemental	Elemental Confluence	586001	586025
huge_ice_elemental	Elemental Confluence	587001	587025
huge_ice_elemental	Elemental Confluence	588001	588025
huge_jungle_toad	Monsoon Jungle	3218017	3218023
huge_jungle_toad	Monsoon Jungle	3218045	3218048
huge_lava_elemental	Elemental Confluence	580026	580053
huge_lava_elemental	Elemental Confluence	581026	581053
huge_lava_elemental	Elemental Confluence	582026	582053
huge_lava_elemental	Elemental Confluence	583026	583053
huge_lava_elemental	Elemental Confluence	584026	584053
huge_lava_elemental	Elemental Confluence	585026	585053
huge_lava_elemental	Elemental Confluence	586026	586053
huge_lava_elemental	Elemental Confluence	587026	587053
huge_lava_elemental	Elemental Confluence	588026	588053
huge_lightning_elemental	Elemental Confluence	580026	580053
huge_lightning_elemental	Elemental Confluence	581026	581053
huge_lightning_elemental	Elemental Confluence	582026	582053
huge_lightning_elemental	Elemental Confluence	583026	583053
huge_lightning_elemental	Elemental Confluence	584026	584053
huge_lightning_elemental	Elemental Confluence	585026	585053
huge_lightning_elemental	Elemental Confluence	586026	586053
huge_lightning_elemental	Elemental Confluence	587026	587053
huge_lightning_elemental	Elemental Confluence	588026	588053
huge_mein_golem	Darkstone Castle	44015	44018
huge_mein_golem	Darkstone Castle	44020	44023
huge_mein_golem	Darkstone Castle	45121	45127
huge_steam_elemental	Elemental Confluence	580026	580053
huge_steam_elemental	Elemental Confluence	581026	581053
huge_steam_elemental	Elemental Confluence	582026	582053
huge_steam_elemental	Elemental Confluence	583026	583053
huge_steam_elemental	Elemental Confluence	584026	584053
huge_steam_elemental	Elemental Confluence	585026	585053
huge_steam_elemental	Elemental Confluence	586026	586053
huge_steam_elemental	Elemental Confluence	587026	587053
huge_steam_elemental	Elemental Confluence	588026	588053
huge_water_elemental	Elemental Confluence	580001	580025
huge_water_elemental	Elemental Confluence	581001	581025
huge_water_elemental	Elemental Confluence	582001	582025
huge_water_elemental	Elemental Confluence	583001	583025
huge_water_elemental	Elemental Confluence	584001	584025
huge_water_elemental	Elemental Confluence	585001	585025
huge_water_elemental	Elemental Confluence	586001	586025
huge_water_elemental	Elemental Confluence	587001	587025
huge_water_elemental	Elemental Confluence	588001	588025
hulking_forest_ape	Cloud Forest	3219001	3219038
humpbacked_puma	Liath Bheinn and Aillidh Brae	4250062	4250067
hunch_backed_dogmatist	Temple Wyneb	13300001	13300076
hunch_backed_dogmatist	Temple Wyneb	13300080	13300080
hunter_troll	Teorainn Dale	13024010	13024027
hunter_troll	Teorainn Dale	13024030	13024079
ice_golem	Great Mountain Aenatumgana	4561102	4561141
ice_hound	Icemule Trail	4044002	4044019
ice_troll	Glatoph	35005	35009
ice_troll	Glatoph	35026	35040
ice_troll	Glatoph	35068	35072
ice_troll	Ice Plains	7502001	7502010
ice_troll	Ice Plains	7502016	7502021
ice_wraith	Great Mountain Aenatumgana	4561001	4561010
ice_wraith	Pinefar Forests	4563039	4563060
illoke_elder	Bowels of Thanatoph	4293015	4293057
illoke_jarl	Bowels of Thanatoph	4293016	4293057
illoke_mystic	Stone Valley	4292001	4292050
illoke_shaman	Stone Valley	4292017	4292060
ilvari_pixie	Red Forest	480231	480245
ilvari_pixie	Red Forest	17006231	17006245
ilvari_sprite	Red Forest	480231	480245
ilvari_sprite	Red Forest	17006231	17006245
immense_gold-bristled_hinterboar	Hinterwilds	7503101	7503122
immense_gold-bristled_hinterboar	Hinterwilds	7503126	7503146
imposing_elk	Black Weald	7130001	7130018
infernal_death_knight	Moonsedge	4577001	4577028
infernal_death_knight	Moonsedge	4577051	4577058
infernal_death_knight	Moonsedge	4577106	4577123
infernal_death_knight	Moonsedge	4577201	4577214
infernal_death_knight	Moonsedge	4577216	4577249
ithzir_adept	Old Ta'Faendryl	17001101	17001107
ithzir_adept	Old Ta'Faendryl	17004001	17004028
ithzir_adept	Old Ta'Faendryl	17004031	17004120
ithzir_adept	Old Ta'Faendryl	17004160	17004168
ithzir_adept	Old Ta'Faendryl	17004180	17004187
ithzir_adept	Old Ta'Faendryl	17004190	17004195
ithzir_champion	Old Ta'Faendryl	17004080	17004120
ithzir_herald	Old Ta'Faendryl	17004001	17004028
ithzir_herald	Old Ta'Faendryl	17004031	17004079
ithzir_herald	Old Ta'Faendryl	17004160	17004168
ithzir_herald	Old Ta'Faendryl	17004180	17004187
ithzir_herald	Old Ta'Faendryl	17004190	17004195
ithzir_initiate	Old Ta'Faendryl	17004001	17004028
ithzir_initiate	Old Ta'Faendryl	17004031	17004079
ithzir_initiate	Old Ta'Faendryl	17004160	17004168
ithzir_initiate	Old Ta'Faendryl	17004180	17004187
ithzir_initiate	Old Ta'Faendryl	17004190	17004195
ithzir_janissary	Old Ta'Faendryl	17004001	17004028
ithzir_janissary	Old Ta'Faendryl	17004031	17004079
ithzir_janissary	Old Ta'Faendryl	17004160	17004168
ithzir_janissary	Old Ta'Faendryl	17004180	17004187
ithzir_janissary	Old Ta'Faendryl	17004190	17004195
ithzir_scout	Old Ta'Faendryl	17004001	17004028
ithzir_scout	Old Ta'Faendryl	17004031	17004079
ithzir_scout	Old Ta'Faendryl	17004160	17004168
ithzir_scout	Old Ta'Faendryl	17004180	17004187
ithzir_scout	Old Ta'Faendryl	17004190	17004195
ithzir_seer	Old Ta'Faendryl	17001101	17001107
ithzir_seer	Old Ta'Faendryl	17004001	17004028
ithzir_seer	Old Ta'Faendryl	17004031	17004120
ithzir_seer	Old Ta'Faendryl	17004160	17004168
ithzir_seer	Old Ta'Faendryl	17004180	17004187
ithzir_seer	Old Ta'Faendryl	17004190	17004195
jungle_feyling	Monsoon Jungle	3218001	3218055
jungle_feyling	Monsoon Jungle	3218062	3218063
jungle_troll	Karazja Jungle	5006001	5006009
jungle_troll	Karazja Jungle	5006040	5006040
jungle_troll	Greymist Woods	3021001	3021016
jungle_troll	Greymist Woods	3022001	3022034
jungle_troll_chieftain	Karazja Jungle	5006001	5006009
jungle_troll_chieftain	Karazja Jungle	5006040	5006040
jungle_troll_chieftain	Greymist Woods	3021001	3021016
jungle_troll_chieftain	Greymist Woods	3022001	3022034
kelp_tangled_coral_golem	Sailor's Grief	7150101	7150105
kelp_tangled_coral_golem	Sailor's Grief	7150115	7150116
kelp_tangled_coral_golem	Sailor's Grief	7150201	7150229
kelp_tangled_coral_golem	Sailor's Grief	7150701	7150733
kiramon_defender	Darkstone Castle	41019	41025
kiramon_defender	Darkstone Castle	41027	41029
kiramon_defender	Darkstone Castle	41034	41050
kiramon_defender	Abandoned Mine	3005003	3005012
kiramon_defender	Abandoned Mine	3005014	3005022
kiramon_defender	Czeroth Caverns	13007201	13007228
kiramon_defender	Maernstrike Caverns	13037001	13037020
kiramon_defender	The Hive	13041001	13041026
kiramon_worker	Darkstone Castle	41019	41025
kiramon_worker	Darkstone Castle	41027	41029
kiramon_worker	Darkstone Castle	41034	41050
kiramon_worker	Abandoned Mine	3005003	3005012
kiramon_worker	Abandoned Mine	3005014	3005022
kiramon_worker	Czeroth Caverns	13007201	13007228
kiramon_worker	Maernstrike Caverns	13037001	13037020
kiramon_worker	The Hive	13041001	13041026
kobold	Briar Thicket	14013001	14013018
kobold	Lower Dragonsclaw	9028	9041
kobold	Lower Dragonsclaw	372005	372014
kobold	Lower Dragonsclaw	372020	372026
kobold	Lower Dragonsclaw	373005	373016
kobold	Lower Dragonsclaw	373020	373021
kobold	Old Mine Road	20002	20018
kobold	Old Mine Road	401002	401009
kobold	Old Mine Road	401011	401015
kobold	Old Mine Road	401101	401102
kobold	Old Mine Road	401201	401207
kobold	Old Mine Road	401209	401209
kobold	Southern Snowfields	4128005	4128008
kobold	Southern Snowfields	4128012	4128016
kobold	Plains of Vornavis	4212101	4212130
kobold	Plains of Vornavis	4213101	4213130
kobold_shepherd	Graendlor Pasture	4301001	4301019
krag_dweller	Stormpeak	13150301	13150322
krag_dweller	Krag Slopes	495101	495116
krag_dweller	The Hidden Plateau	2167001	2167022
krag_yeti	Krag Slopes	495101	495116
krag_yeti	The Hidden Plateau	2167001	2167022
krolvin_corsair	Shattered Moors	420501	420542
krolvin_mercenary	Sea Caves	26103	26120
krolvin_mercenary	Lysierian Hills	93050	93070
krolvin_mercenary	Liath Bheinn and Aillidh Brae	4250050	4250068
krolvin_slaver	Shattered Moors	420501	420542
krolvin_warfarer	Sea Caves	26001	26036
krolvin_warfarer	Sea Caves	26101	26120
krolvin_warfarer	Lysierian Hills	93071	93079
krolvin_warfarer	Lysierian Hills	485001	485011
krolvin_warfarer	Luinne Bheinn	4251017	4251056
krolvin_warrior	Sea Caves	26002	26036
krolvin_warrior	Sea Caves	26103	26120
krolvin_warrior	Lysierian Hills	93057	93079
krynch	Mraent Caverns	13008001	13008040
large_ogre	The Citadel	2100102	2100120
large_ogre	Upper Trollfang	14001	14023
large_ogre	Vornavian Coast	4218201	4218221
large_ogre	Central Caravansary	4748001	4748007
large_ogre	Central Caravansary	4748020	4748030
large_ring_tailed_lemur	Monsoon Jungle	3218001	3218044
large_ring_tailed_lemur	Monsoon Jungle	3218049	3218054
large_thorned_shrub	Abandoned Farm	4124050	4124062
lava_golem	Eye of V'Tull	3060002	3060018
lava_golem	Eye of V'Tull	3061001	3061028
lava_troll	Volcanic Flats	3023001	3023017
leaper	Coastal Cliffs	67023	67033
leaper	Southern Snowfields	4128031	4128040
lesser_burrow_orc	Melgorehn's Valley	2148002	2148024
lesser_construct	Old Ta'Faendryl	17002201	17002247
lesser_construct	Old Ta'Faendryl	17002301	17002325
lesser_construct	Old Ta'Faendryl	17003011	17003038
lesser_construct	Old Ta'Faendryl	17003101	17003150
lesser_faeroth	Gyldemar Forest	13030041	13030076
lesser_frost_shade	Glacier	4130001	4130022
lesser_ghoul	Glaise Cnoc Cemetery	14008001	14008033
lesser_ghoul	Glaise Cnoc Cemetery	14008060	14008070
lesser_ghoul	The Graveyard	18003	18011
lesser_ghoul	The Graveyard	18013	18028
lesser_ghoul	The Graveyard	2162201	2162211
lesser_griffin	Griffin's Keen	13302101	13302169
lesser_ice_elemental	Great Mountain Aenatumgana	4561102	4561141
lesser_ice_giant	Sleeping Lady Mountains	4560011	4560036
lesser_minotaur	The Hidden Plateau	2167001	2167031
lesser_minotaur	The Hidden Plateau	2167033	2167040
lesser_minotaur	The Hidden Plateau	2167050	2167067
lesser_minotaur	The Hidden Plateau	2167111	2167122
lesser_moor_wight	Miasmal Forest	5003021	5003027
lesser_moor_wight	Miasmal Forest	5003030	5003030
lesser_moor_wight	Miasmal Forest	5003032	5003032
lesser_moor_wight	Miasmal Forest	5003036	5003038
lesser_moor_wight	Miasmal Forest	5004001	5004034
lesser_moor_wight	Yegharren Plains	13036201	13036217
lesser_moor_wight	Yegharren Plains	13036401	13036414
lesser_moor_wight	Yegharren Plains	13036501	13036514
lesser_mummy	The Graveyard	18013	18021
lesser_mummy	The Graveyard	2138001	2138018
lesser_orc	Melgorehn's Valley	2148002	2148024
lesser_orc	Old Mine Road	20001	20018
lesser_orc	Upper Trollfang	15001	15034
lesser_orc	Southern Snowfields	4128031	4128042
lesser_red_orc	Coastal Cliffs	68001	68004
lesser_red_orc	Coastal Cliffs	68010	68016
lesser_red_orc	Yander's Farm	14005023	14005025
lesser_red_orc	Yander's Farm	14005027	14005036
lesser_shade	Coastal Cliffs	2163601	2163628
lesser_shade	Catacombs	46007	46010
lesser_shade	Catacombs	46017	46018
lesser_stone_gargoyle	Darkstone Castle	45107	45118
lesser_vruul	The Broken Lands	94028	94053
lesser_wood_sprite	Sorcerer's Isle	14202001	14202023
lich	The Rift	4571003	4571004
lich	The Rift	4571016	4571021
lich	The Rift	4571026	4571030
lich_qyn_arj	Old Ta'Faendryl	17002201	17002247
lich_qyn_arj	Old Ta'Faendryl	17002301	17002325
lithe_veiled_sentinel	Shadow of the Sanctum	4216001	4216049
lost_soul	The Rift	4570001	4570014
luminous_arachnid	Thurfel's Island	7532001	7532033
luminous_worm	Hornwort Cavern	7131001	7131018
magna_vereri	Abbey	4132201	4132240
magna_vereri	Abbey	4132243	4132248
magru	The Broken Lands	94002	94019
major_glacei	Great Mountain Aenatumgana	4561001	4561010
major_glacei	Pinefar Forests	4563034	4563051
major_spider	Lower Trollfang	12001	12051
mammoth_arachnid	Sorcerer's Isle	14202001	14202023
mammoth_arachnid	Spider Temple	13020	13036
mammoth_arachnid	Vornavian Coast	4218301	4218325
manticore	Old Mine Road	20030	20038
manticore	Vornavian Coast	4202182	4202199
manticore	Slope	395002	395015
manticore	Liath Bheinn and Aillidh Brae	4250004	4250021
martial_eagle	Sorcerer's Isle	14202001	14202023
massive_black_boar	Blighted Forest	13020001	13020051
massive_black_boar	Red Forest	480201	480215
massive_black_boar	Red Forest	17006201	17006215
massive_grahnk	Thurfel's Island	7532001	7532033
massive_pyrothag	Volcano	3050017	3050036
massive_pyrothag	Volcano	3052001	3052025
massive_troll_king	Darkstone Castle	388002	388011
mastodonic_leopard	Gyldemar Forest	13028001	13028037
mastodonic_leopard	Gyldemar Forest	13028084	13028091
mezic	Vornavian Coast	4214303	4214323
milky_eyed_drowned_mariner	Sailor's Grief	7150501	7150535
minor_glacei	Pinefar Forests	4563030	4563043
minotaur_magus	The Hidden Plateau	2167070	2167108
minotaur_warrior	The Hidden Plateau	2167050	2167067
minotaur_warrior	The Hidden Plateau	2167070	2167108
minotaur_warrior	The Hidden Plateau	2167111	2167122
mist_wraith	Glaise Cnoc Cemetery	14008051	14008070
mist_wraith	The Citadel	2102022	2102039
mist_wraith	Cairnfang	630001	630014
mistydeep_siren	The Toadwort	14007001	14007010
moaning_phantom	Glaise Cnoc Cemetery	14008011	14008025
moaning_spirit	Castle Anwyn	4285004	4285008
moaning_spirit	Castle Anwyn	4285013	4285013
moaning_spirit	Castle Anwyn	4285024	4285025
moaning_spirit	The Graveyard	2150002	2150007
monastic_lich	Lysierian Hills	95156	95168
monastic_lich	Lysierian Hills	95180	95185
mongrel_hobgoblin	Ocoma Vale	4300004	4300025
mongrel_hobgoblin	Muddy Village	7128001	7128015
mongrel_hobgoblin	Muddy Village	7128026	7128030
mongrel_kobold	The Citadel	377101	377128
mongrel_kobold	Vornavian Coast	4202401	4202416
mongrel_kobold	Plains of Vornavis	4212101	4212130
mongrel_kobold	Plains of Vornavis	4213101	4213130
mongrel_troll	Vornavian Coast	4214101	4214115
mongrel_wolfhound	Yegharren Plains	13034301	13034309
mongrel_wolfhound	Yegharren Plains	13034314	13034337
monkey	The Citadel	377051	377066
monkey	The Citadel	377077	377081
monkey	The Citadel	377083	377084
monkey	Muddy Village	7128001	7128015
monkey	Muddy Village	7128026	7128030
monkey	Thurfel's Island	7530006	7530029
monstrous_direwolf	Red Forest	480216	480230
monstrous_direwolf	Red Forest	17006216	17006230
moor_eagle	Shattered Moors	420001	420025
moor_hound	Shattered Moors	420001	420037
moor_hound	Shattered Moors	420040	420046
moor_witch	Shattered Moors	420001	420037
moor_witch	Shattered Moors	420040	420046
moulis	Maaghara Tower	13022026	13022060
mountain_goat	Emerald Forest	13301170	13301191
mountain_goat	Emerald Forest	13301201	13301232
mountain_lion	Stone Valley	4291001	4291025
mountain_ogre	Upper Trollfang	17101	17118
mountain_ogre	Abbey	4132001	4132010
mountain_ogre	Liath Bheinn and Aillidh Brae	4250050	4250060
mountain_rolton	Luinne Bheinn	4251018	4251027
mountain_snowcat	Upper Dragonsclaw	2121006	2121013
mountain_snowcat	Southern Snowfields	4128024	4128030
mountain_troll	Hidden Vale	36006	36010
mountain_troll	Hidden Vale	40001	40013
mountain_troll	Hidden Vale	40020	40020
mountain_troll	Noralgar Forest	4286002	4286013
mountain_troll	Noralgar Forest	4286046	4286067
mud_wasp	Fhorian Village	3030011	3030023
mud_wasp	Fhorian Village	3030225	3030234
mud_wasp	Fhorian Village	3030250	3030255
muddy_hog	Black Weald	7130001	7130018
murky_soul_siphon	The Rift	4571001	4571030
muscular_brindlecat	Black Weald	7130001	7130018
muscular_supplicant	Temple Wyneb	13300001	13300076
muscular_supplicant	Temple Wyneb	13300080	13300080
myklian	The Broken Lands	94020	94026
n_ecare	The Rift	4568001	4568055
n_ecare	The Rift	4570001	4570014
naisirc	The Rift	4566001	4566055
nasty_little_gremlin	Wehntoph	484001	484013
neartofar_orc	Neartofar Forest	14015001	14015020
neartofar_troll	Neartofar Forest	14015001	14015020
necrotic_snake	Marsh Keep	376001	376001
necrotic_snake	Marsh Keep	376003	376010
necrotic_snake	Marsh Keep	376015	376018
necrotic_snake	Marsh Keep	376020	376034
necrotic_snake	Marsh Keep	376040	376044
necrotic_snake	Fethayl Bog	13038001	13038031
nedum_vereri	Temple of Love	2155012	2155044
nedum_vereri	Temple of Love	2155046	2155048
nedum_vereri	Abbey	4132101	4132118
night_golem	The Citadel	2102022	2102039
night_hound	The Graveyard	2150002	2150007
night_hound	The Graveyard	2150010	2150014
night_mare	Shadow Valley	389030	389035
night_mare	Shadow Valley	2160001	2160035
night_mare	Shadow Valley	2161011	2161022
niirsha	Lunule Weald	14016001	14016038
niveous_giant_warg	Hinterwilds	7503301	7503312
niveous_giant_warg	Hinterwilds	7503341	7503353
niveous_giant_warg	Hinterwilds	7503361	7503366
nonomino	Castle Anwyn	4285010	4285022
nonomino	Castle Anwyn	4285030	4285050
ogre_sentry	Hornwort Cavern	7131001	7131018
ogre_warrior	Neartofar Forest	14015201	14015212
ogre_warrior	Northern Slopes of Wehntoph	4302020	4302035
pale_crab	Coastal Cliffs	2163601	2163628
pale_crab	Vornavian Coast	4202401	4202416
pale_crab	The Citadel	2103018	2103034
pale_scaled_shaper	Shadow of the Sanctum	4216001	4216049
pallid_fog_cloaked_kelpie	Sailor's Grief	7150201	7150229
pallid_fog_cloaked_kelpie	Sailor's Grief	7150501	7150535
panther	Plains of Vornavis	4212301	4212324
patchwork_flesh_monstrosity	Shadow of the Sanctum	4216001	4216049
phantasma	Castle Varunar	4750053	4750069
phantasmal_bestial_swordsman	The Citadel	377301	377314
phantom	The Graveyard	18008	18011
phantom	The Graveyard	18013	18028
phantom	The Graveyard	2162201	2162211
phantom	Southern Snowfields	4128058	4128070
phosphorescent_worm	Thurfel's Island	7532001	7532033
plains_lion	Grasslands	14012100	14012120
plains_lion	Grasslands	14012150	14012165
plains_ogre	Grasslands	14012100	14012120
plains_ogre	Grasslands	14012150	14012165
plains_orc_chieftain	Yegharren Plains	13034201	13034221
plains_orc_chieftain	Yegharren Plains	13034301	13034338
plains_orc_chieftain	Yegharren Plains	13034401	13034416
plains_orc_scout	Yegharren Plains	13034101	13034119
plains_orc_scout	Yegharren Plains	13034201	13034221
plains_orc_scout	Yegharren Plains	13034301	13034338
plains_orc_scout	Yegharren Plains	13034401	13034416
plains_orc_shaman	Yegharren Plains	13034301	13034338
plains_orc_warrior	Yegharren Plains	13034201	13034221
plains_orc_warrior	Yegharren Plains	13034301	13034338
plains_orc_warrior	Yegharren Plains	13034401	13034416
plumed_cockatrice	Neartofar Forest	14015001	14015020
polar_bear	Great Mountain Aenatumgana	4561001	4561020
polar_bear	Great Mountain Aenatumgana	4561201	4561208
polar_bear	Pinefar Forests	4563043	4563055
pra_eda	Vornavian Coast	4214303	4214323
pra_eda	Vornavian Coast	4218101	4218121
puma	Vornavian Coast	4202182	4202199
puma	Lysierian Hills	92079	92081
puma	Lysierian Hills	92095	92099
puma	Lysierian Hills	93045	93056
puma	Noralgar Forest	4286004	4286014
puma	Noralgar Forest	4286019	4286023
puma	Noralgar Forest	4286046	4286067
puma	Northern Slopes of Wehntoph	4302013	4302035
putrefied_citadel_herald	The Citadel	377013	377015
putrefied_citadel_herald	The Citadel	377027	377030
putrefied_citadel_herald	The Citadel	377301	377314
putrefied_citadel_herald	The Citadel	377320	377344
quivering_sanguine_ooze	Hinterwilds	7503401	7503421
quivering_sanguine_ooze	Hinterwilds	7503467	7503498
quivering_sanguine_oozeling	Hinterwilds	7503401	7503421
quivering_sanguine_oozeling	Hinterwilds	7503467	7503498
rabid_guard_dog	Thurfel's Island	7531001	7531010
rabid_squirrel	Lower Dragonsclaw	372030	372039
rabid_squirrel	Lower Dragonsclaw	373017	373019
rabid_squirrel	Lower Dragonsclaw	373022	373024
rabid_squirrel	Southern Snowfields	4128007	4128011
raider_orc	Yander's Farm	14005038	14005053
raving_lunatic	The Rift	4566001	4566055
raving_lunatic	The Rift	4567001	4567055
red_bear	Stone Valley	4291001	4291025
red_scaled_thrak	Volcano	3050015	3050036
red_scaled_thrak	Volcano	3052003	3052025
red_tsark	Eye of V'Tull	3051003	3051030
red_tsark	Eye of V'Tull	3061001	3061038
reiver	Luinne Bheinn	4251011	4251013
reiver	Luinne Bheinn	4251015	4251056
relnak	Catacombs	490002	490004
relnak	Catacombs	490010	490011
relnak	Catacombs	490018	490018
revenant	Glaise Cnoc Cemetery	14008040	14008070
revenant	The Graveyard	18036	18040
revenant	The Graveyard	18042	18044
revenant	Cairnfang	630001	630014
ridge_orc	Locksmehr Trail	13000063	13000085
ridgeback_boar	Yegharren Plains	13034203	13034214
ridgeback_boar	Yegharren Plains	13034324	13034336
ridgeback_boar	Yegharren Plains	13034401	13034416
roa_ter	Castle Varunar	4750006	4750029
roa_ter	Darkstone Castle	42500	42521
roa_ter	Vornavian Coast	4218101	4218121
roa_ter	Czeroth Caverns	13007201	13007228
roa_ter	The Hive	13041001	13041026
roa_ter_wormling	Zaerthu Tunnels	13009001	13009040
rock_troll_zombie	Troll Burial Grounds	13011001	13011035
roiling_crimson_angargeist	Hinterwilds	7503422	7503466
rolton	Lower Dragonsclaw	9008	9032
rolton	South River Road	2104011	2104017
rolton	Southern Snowfields	4128001	4128008
rolton	Graendlor Pasture	4301001	4301025
rotting_chimera	Marsh Keep	376001	376001
rotting_chimera	Marsh Keep	376003	376010
rotting_chimera	Marsh Keep	376015	376018
rotting_chimera	Marsh Keep	376020	376034
rotting_chimera	Marsh Keep	376040	376044
rotting_citadel_arbalester	The Citadel	377013	377015
rotting_citadel_arbalester	The Citadel	377027	377030
rotting_citadel_arbalester	The Citadel	377320	377344
rotting_corpse	Castle Varunar	4750006	4750029
rotting_farmhand	Abandoned Farm	4124114	4124124
rotting_krolvin_pirate	The Citadel	377201	377232
rotting_woodsman	Plains of Vornavis	4212201	4212222
sabre_tooth_tiger	Great Mountain Aenatumgana	4561010	4561020
sabre_tooth_tiger	Great Mountain Aenatumgana	4561102	4561140
sabre_tooth_tiger	Great Mountain Aenatumgana	4561201	4561208
sacristan_spirit	Lunule Weald	14016001	14016038
sand_beetle	Vornavian Coast	4217201	4217216
sand_devil	Fhorian Village	3030201	3030210
savage_fork-tongued_wendigo	Hinterwilds	7503101	7503146
scaly_burgee	Teorainn Dale	13024030	13024047
scaly_burgee	Teorainn Dale	13024051	13024064
scaly_burgee	Greymist Woods	3022018	3022034
scaly_needle_toothed_trenchling	Sailor's Grief	7150201	7150229
scaly_needle_toothed_trenchling	Sailor's Grief	7150701	7150733
sea_nymph	Coastal Cliffs	67007	67020
sea_nymph	Vornavian Coast	4202101	4202111
seeker	Great Mountain Aenatumgana	4561101	4561141
seething_pestilent_vision	Abbey	4132201	4132240
seething_pestilent_vision	Abbey	4132243	4132248
seraceris	The Rift	4566001	4566055
shadow_mare	Shadow Valley	389030	389035
shadow_mare	Shadow Valley	2160001	2160035
shadow_mare	Shadow Valley	2161001	2161022
shadow_steed	Shadow Valley	389030	389035
shadow_steed	Shadow Valley	2160001	2160035
shadow_steed	Shadow Valley	2161001	2161022
shambling_lurk	Shadow of the Sanctum	4216001	4216049
shan_bardess	Forgotten Vineyard	4225003	4225036
shan_cleric	Vornavian Coast	4218301	4218325
shan_empath	Forgotten Vineyard	4225003	4225016
shan_ranger	Vornavian Coast	4218301	4218325
shan_rogue	Forgotten Vineyard	4225017	4225036
shan_shaman	Forgotten Vineyard	4225017	4225036
shan_sorceress	Forgotten Vineyard	4225003	4225016
shan_warrior	Vornavian Coast	4218301	4218325
shan_wizard	Vornavian Coast	4218301	4218325
shelfae_assailant	Cliffwalk	7129001	7129017
shelfae_chieftain	Coastal Cliffs	84408	84413
shelfae_chieftain	Coastal Cliffs	84416	84419
shelfae_chieftain	Plains of Vornavis	4212301	4212324
shelfae_guard	Cliffwalk	7129001	7129017
shelfae_soldier	Coastal Cliffs	84400	84409
shelfae_soldier	Coastal Cliffs	84416	84418
shelfae_soldier	Plains of Vornavis	4212301	4212324
shelfae_warlord	Plains of Vornavis	4212301	4212324
sheruvian_harbinger	Darkstone Castle	388012	388019
sheruvian_harbinger	Darkstone Castle	388030	388035
sheruvian_harbinger	The Broken Lands	487019	487041
sheruvian_harbinger	The Broken Lands	487043	487052
sheruvian_harbinger	The Broken Lands	487054	487054
sheruvian_harbinger	The Broken Lands	487056	487075
sheruvian_initiate	The Broken Lands	487010	487014
sheruvian_initiate	The Broken Lands	487016	487016
sheruvian_initiate	The Broken Lands	487018	487025
sheruvian_initiate	The Broken Lands	487027	487031
sheruvian_initiate	The Broken Lands	487034	487041
sheruvian_initiate	The Broken Lands	487043	487052
sheruvian_initiate	The Broken Lands	487054	487054
sheruvian_initiate	The Broken Lands	487056	487058
sheruvian_initiate	The Broken Lands	487067	487075
sheruvian_monk	The Broken Lands	487020	487025
sheruvian_monk	The Broken Lands	487030	487032
sheruvian_monk	The Broken Lands	487034	487041
sheruvian_monk	The Broken Lands	487043	487043
sheruvian_monk	The Broken Lands	487058	487075
shimmering_fungus	Wraithenmist	13027003	13027035
shimmering_fungus	Wraithenmist	13027056	13027083
shining_winged_disir	Hinterwilds	7503422	7503466
shrickhen	Maaghara Tower	13022008	13022049
shriveled_icy_creeper	Abandoned Farm	4124050	4124062
sidewinder	Shadow of the Sanctum	4216141	4216141
sidewinder	Shadow of the Sanctum	4216148	4216148
silverback_orc	High Plains	4129002	4129021
siren	Ruined Temple	3031025	3031042
siren	Ruined Temple	3031045	3031080
siren_lizard	Fhorian Village	3030035	3030039
siren_lizard	Fhorian Village	3030211	3030219
siren_lizard	Fhorian Village	3030221	3030234
siren_lizard	Fhorian Village	3030250	3030255
skayl	Volcano	3050023	3050036
skayl	Eye of V'Tull	3060002	3060018
skeletal_giant	Upper Trollfang	16065	16071
skeletal_ice_troll	Ice Plains	7502011	7502015
skeletal_lord	Castle Varunar	4750031	4750056
skeletal_lord	Castle Varunar	4750058	4750069
skeletal_soldier	Miasmal Forest	5003001	5003027
skeletal_soldier	Miasmal Forest	5003030	5003030
skeletal_soldier	Miasmal Forest	5003032	5003032
skeletal_soldier	Miasmal Forest	5003036	5003039
skeletal_soldier	Miasmal Forest	5004016	5004034
skeletal_warhorse	Castle Varunar	4750034	4750039
skeletal_warhorse	Castle Varunar	4750071	4750076
skeleton	Glaise Cnoc Cemetery	14008001	14008033
skeleton	Glaise Cnoc Cemetery	14008060	14008070
skeleton	The Graveyard	18003	18009
skeleton	The Graveyard	2162201	2162211
skeleton	Southern Snowfields	4128063	4128067
sleek_black_kiramon_stalker	The Hive	13041101	13041132
sleek_black_kiramon_stalker	The Hive	13041201	13041230
sleek_black_kiramon_stalker	The Hive	13041301	13041329
slimy_little_grub	Wehntoph	484001	484013
smouldering_skeletal_dreadsteed	Moonsedge	4577001	4577028
smouldering_skeletal_dreadsteed	Moonsedge	4577051	4577058
smouldering_skeletal_dreadsteed	Moonsedge	4577106	4577123
smouldering_skeletal_dreadsteed	Moonsedge	4577201	4577214
snow_crone	Glatoph	35028	35038
snow_crone	Glatoph	35068	35072
snow_crone	Sleeping Lady Mountains	4560001	4560053
snow_leopard	Sleeping Lady Mountains	4565009	4565014
snow_leopard	Emerald Forest	13301170	13301191
snow_leopard	Emerald Forest	13301201	13301232
snow_madrinol	Gossamer Valley	13023013	13023054
snow_madrinol	Gossamer Valley	13023076	13023076
snow_spectre	High Plains	4129100	4129110
snowy_cockatrice	Southern Snowfields	4128045	4128055
soldier_ant	Dark Caverns	47001	47033
soul_golem	Dark Palisade	3041016	3041025
spectacled_bear	Black Weald	7130001	7130018
spectral_fisherman	Coastal Cliffs	84110	84112
spectral_fisherman	Coastal Cliffs	84205	84207
spectral_fisherman	Vornavian Coast	4202141	4202156
spectral_lord	Wraithenmist	13027044	13027086
spectral_miner	Shadow Valley	389050	389057
spectral_miner	Shadow Valley	2158001	2158038
spectral_monk	Lysierian Hills	95156	95179
spectral_shade	Vornavian Coast	4214303	4214323
spectral_triton_defender	Ruined Temple	3031036	3031042
spectral_triton_defender	Ruined Temple	3031056	3031106
spectral_triton_protector	Atoll	7138101	7138119
spectral_warrior	The Citadel	2100002	2100056
spectral_woodsman	Abandoned Farm	4124106	4124112
spectral_woodsman	Abandoned Farm	4124114	4124115
spectral_woodsman	Abandoned Farm	4124125	4124128
spectre	Vornavian Coast	4202161	4202180
spectre	Wolves' Den	390002	390022
spectre	Wolves' Den	390025	390048
spectre	Plains of Bone	14011042	14011054
spiked_cavern_urchin	Thurfel's Island	7532001	7532033
spotted_gak	Graendlor Pasture	4301001	4301025
spotted_gnarp	Yander's Farm	14005002	14005019
spotted_leaper	Rambling Meadows	14006021	14006040
spotted_leaper	Noralgar Forest	4286004	4286012
spotted_lynx	Yander's Farm	14005023	14005025
spotted_lynx	Yander's Farm	14005027	14005036
spotted_lynx	Ocoma Vale	4300001	4300025
spotted_lynx	Central Caravansary	4748310	4748312
spotted_lynx	Central Caravansary	4748321	4748321
squamous_reptilian_mutant	Hinterwilds	7503401	7503421
squamous_reptilian_mutant	Hinterwilds	7503467	7503478
squamous_reptilian_mutant	Hinterwilds	7503490	7503498
steam_dervish	McKyren's End	3063001	3063013
steel_golem	Glatoph	35041	35067
stone_gargoyle	Darkstone Castle	45150	45163
stone_giant	Stone Valley	4291027	4291043
stone_giant	Stone Valley	4291046	4291050
stone_giant	Stone Valley	4291053	4291058
stone_giant	Stone Valley	4292001	4292060
stone_mastiff	Stone Valley	4292001	4292060
stone_sentinel	Darkstone Castle	42001	42016
stone_sentinel	Darkstone Castle	42024	42026
stone_troll	Stone Valley	4291027	4291043
stone_troll	Stone Valley	4291046	4291050
stone_troll	Stone Valley	4291053	4291058
stooped_being	Old Ta'Faendryl	17003011	17003038
stooped_being	Old Ta'Faendryl	17003101	17003150
stooped_being	Old Ta'Faendryl	17003201	17003217
stooped_titan_stormcaller	Stormpeak	13150401	13150425
storm_giant	Stormpeak	13150201	13150220
storm_giant	Upper Trollfang	16065	16071
storm_giant	Ice Plains	4127035	4127045
storm_griffin	Griffin's Keen	13302101	13302142
storm_griffin	Stormpeak	13150301	13150322
storm_hound	Stormpeak	13150101	13150120
striped_gak	Graendlor Pasture	4301001	4301025
striped_relnak	Rambling Meadows	14006021	14006040
striped_warcat	Lysierian Hills	92120	92129
striped_warcat	Dubh Brugh	4003010	4003025
stunted_halfling_bloodspeaker	Hinterwilds	7503101	7503146
supple_ivasian_inciter	Abbey	4132201	4132240
supple_ivasian_inciter	Abbey	4132243	4132248
swamp_hag	Miasmal Forest	5004035	5004044
swamp_hag	Miasmal Forest	5004049	5004053
swamp_troll	Central Caravansary	4748201	4748215
swirling_spectre	Stormpeak	13150201	13150220
tattooed_gigas_berserker	Hinterwilds	7503301	7503312
tattooed_gigas_berserker	Hinterwilds	7503321	7503332
tattooed_gigas_berserker	Hinterwilds	7503341	7503353
tattooed_gigas_berserker	Hinterwilds	7503361	7503366
tattooed_gigas_berserker	Hinterwilds	7503371	7503374
tattooed_gigas_berserker	Hinterwilds	7503381	7503384
tawny_brindlecat	Yegharren Plains	13034101	13034118
tawny_brindlecat	Yegharren Plains	13034201	13034221
tawny_brindlecat	Yegharren Plains	13034301	13034309
tegursh_sentry	Sorcerer's Isle	14202001	14202023
tenebrific_wraith_shark	Sailor's Grief	7150501	7150535
thrak	Old Mine Road	20019	20028
thrak	Old Mine Road	20030	20038
thrak	Vornavian Coast	4202182	4202199
thrak	Liath Bheinn and Aillidh Brae	4250004	4250021
three_toed_tegu	Teorainn Dale	13024010	13024027
thunder_troll	Stormpeak	13150001	13150016
thunder_troll	Vornavian Coast	4214201	4214218
thunder_troll	Northern Slopes of Wehntoph	4302001	4302025
thyril	Rambling Meadows	14006001	14006020
thyril	Catacombs	490003	490005
thyril	Catacombs	490008	490009
thyril	Catacombs	490014	490015
thyril	Catacombs	4126004	4126023
thyril	Frozen Garden	4160002	4160020
titan_tempest_tyrant	Stormpeak	13150401	13150425
tomb_troll	Marsh Keep	376063	376083
tomb_troll_necromancer	Marsh Keep	376063	376083
tomb_wight	The Graveyard	18029	18035
tomb_wight	The Graveyard	2162107	2162122
translucent_kiramon_strandweaver	The Hive	13041201	13041230
translucent_kiramon_strandweaver	The Hive	13041301	13041329
tree_spirit	Lunule Weald	14016039	14016057
tree_spirit	Lunule Weald	14016059	14016082
tree_spirit	Upper Trollfang	2123001	2123010
tree_spirit	Abandoned Farm	4124001	4124006
tree_spirit	Vornavian Coast	4214303	4214323
tree_viper	Karazja Jungle	5006004	5006009
tree_viper	Karazja Jungle	5006040	5006040
tree_viper	Vipershroud	2190001	2190035
treekin_druid	Red Forest	480246	480248
treekin_druid	Red Forest	480250	480260
treekin_druid	Red Forest	17006246	17006248
treekin_druid	Red Forest	17006250	17006260
treekin_warrior	Red Forest	480246	480248
treekin_warrior	Red Forest	480250	480260
treekin_warrior	Red Forest	17006246	17006248
treekin_warrior	Red Forest	17006250	17006260
triton_assassin	Atoll	7138001	7138015
triton_brawler	Atoll	7138101	7138119
triton_combatant	Ruined Temple	3031036	3031042
triton_combatant	Ruined Temple	3031056	3031106
triton_dissembler	Ruined Temple	3031025	3031035
triton_dissembler	Ruined Temple	3031045	3031055
triton_executioner	Ruined Temple	3031025	3031042
triton_executioner	Ruined Temple	3031045	3031080
triton_fanatic	Atoll	7138201	7138218
triton_magus	Ruined Temple	3031081	3031106
triton_radical	Ruined Temple	3031036	3031042
triton_radical	Ruined Temple	3031056	3031106
triton_warden	Atoll	7138201	7138218
triton_warlock	Atoll	7138001	7138015
troglodyte	Upper Dragonsclaw	2121015	2121024
troglodyte	Rocky Shoals	7127020	7127030
troll_chieftain	Hidden Vale	40001	40013
troll_chieftain	Hidden Vale	40020	40020
troll_wraith	Troll Burial Grounds	13011001	13011035
tundra_giant	Ice Plains	4127021	4127034
tusked_ursian	Gyldemar Forest	13031001	13031010
tusked_ursian	Gyldemar Forest	13031025	13031043
tusked_ursian	Gyldemar Forest	13031071	13031080
twisted_being	Old Ta'Faendryl	17003011	17003038
twisted_being	Old Ta'Faendryl	17003101	17003150
twisted_being	Old Ta'Faendryl	17003201	17003217
undertaker_bat	Troll Burial Grounds	13011009	13011035
urgh	Foothills of Zeltoph	2131013	2131024
urgh	Plains of Vornavis	4212101	4212130
urgh	Plains of Vornavis	4213101	4213130
urgh	Noman's Land	4600001	4600009
urgh	Locksmehr Trail	13001001	13001038
vaespilon	The Rift	4570001	4570014
vapor_hound	Stormpeak	13150101	13150120
velnalin	Lower Dragonsclaw	9028	9041
velnalin	Lower Dragonsclaw	9065	9068
velnalin	Lower Dragonsclaw	9070	9071
vesperti	Deep Woods	4007001	4007038
veteran_reiver	Luinne Bheinn	4251011	4251039
vourkha	Yegharren Plains	13036106	13036120
vourkha	Yegharren Plains	13036201	13036217
vourkha	Yegharren Plains	13036301	13036310
vvrael_destroyer	The Rift	4571001	4571030
vvrael_warlock	The Rift	4567001	4567055
vvrael_warlock	The Rift	4568001	4568055
vvrael_witch	The Rift	4566001	4566055
waern	Bonespear Tower	319001	319015
waern	Bonespear Tower	319117	319139
wall_guardian	Thurfel's Island	7531001	7531042
war_griffin	Old Ta'Faendryl	17004001	17004028
war_griffin	Old Ta'Faendryl	17004030	17004120
war_griffin	Old Ta'Faendryl	17004160	17004168
war_griffin	Old Ta'Faendryl	17004180	17004187
war_griffin	Old Ta'Faendryl	17004190	17004195
war_troll	Upper Trollfang	14001	14005
war_troll	Upper Trollfang	14010	14020
war_troll	Upper Trollfang	17102	17118
war_troll	Slope	395017	395051
warped_tree_spirit	Red Forest	480216	480230
warped_tree_spirit	Red Forest	17006216	17006230
warrior_shade	Fethayl Bog	13038001	13038031
warthog	Emerald Forest	13301201	13301232
warthog	Emerald Forest	13301301	13301335
wasp_nest	Fhorian Village	3030011	3030023
wasp_nest	Fhorian Village	3030225	3030234
wasp_nest	Fhorian Village	3030250	3030254
wasp_nest	Volcano	3050008	3050036
wasp_nest	Volcano	3052001	3052025
water_elemental	Ruined Temple	3031025	3031035
water_elemental	Ruined Temple	3031045	3031055
water_hound	Stormpeak	13150101	13150120
water_moccasin	The Graveyard	2156016	2156025
water_moccasin	The Toadwort	14007012	14007041
water_witch	Vornavian Coast	4202101	4202111
water_wyrd	The Ruined Tower	305023	305030
water_wyrd	The Ruined Tower	305032	305038
werebear	Upper Trollfang	16036	16041
werebear	Cairnfang	630015	630029
wharf_rat	Rocky Shoals	7127001	7127019
whiptail	Vornavian Coast	4202401	4202416
white_vysan	Southern Snowfields	4128058	4128070
wind_witch	Stormpeak	13150001	13150016
wind_witch	Stormpeak	13150101	13150120
wind_witch	Vornavian Coast	4214201	4214218
wind_witch	Northern Slopes of Wehntoph	4302001	4302035
wind_wraith	Dark Palisade	3040004	3040015
winged_viper	Red Forest	480201	480215
winged_viper	Red Forest	17006201	17006215
withered_shadow-cloaked_draugr	Hinterwilds	7503321	7503332
withered_shadow-cloaked_draugr	Hinterwilds	7503371	7503374
withered_shadow-cloaked_draugr	Hinterwilds	7503422	7503466
wolfshade	Plains of Bone	14011042	14011054
wolfshade	Temple of Love	2155002	2155011
wolverine	Vornavian Coast	4214303	4214323
wolverine	Pinefar Forests	4563004	4563021
wood_sprite	Gyldemar Forest	13031001	13031012
wood_sprite	Gyldemar Forest	13031025	13031043
wood_sprite	Gyldemar Forest	13031055	13031081
wood_wight	Plains of Vornavis	4212201	4212222
wooly_mammoth	Great Mountain Aenatumgana	4561001	4561020
wooly_mammoth	Pinefar Forests	4563051	4563060
wraith	The Graveyard	2138123	2138142
wraith	Smuggling Tunnels	37022	37041
wraith	Abandoned Farm	4124007	4124013
wraith	Abandoned Farm	4124027	4124036
writhing_frost_glazed_vine	Abandoned Farm	4124037	4124049
writhing_icy_bush	Abandoned Farm	4124037	4124049
yeti	Griffin's Keen	13302101	13302169
young_grass_snake	Rambling Meadows	14006001	14006020
zombie	Upper Trollfang	2122001	2122016
zombie	Abandoned Farm	4124015	4124022
zombie	Abandoned Farm	4124024	4124026
zombie_rolton	The Citadel	2102008	2102020
zombie_rolton	The Citadel	2103001	2103007
zombie_rolton	Cairnfang	630100	630105
zombie_rolton	Southern Snowfields	4128056	4128059
